INSERT INTO SSPROVINCIALE(nome, password, salt) VALUES ('Agrigento', '3a5f9f47f4f4fe392b790a1f5559ccf87947ee1c3b0c0245c87ad83962007372', 'f2c24cda1501ebcecd25a75513a3baa2bc73ee7fb6467c7dec5884b8787ca2a5');
INSERT INTO SSPROVINCIALE(nome, password, salt) VALUES ('Alessandria', '9f0693a96faeaaefdc76b95312ca042cedb8669361e63f2076e69e56a0b6951d', '23ca956986163a0975cb2a5a71b4810231474c1576ee25239579f038c750bb17');
INSERT INTO SSPROVINCIALE(nome, password, salt) VALUES ('Ancona', '9e7538c116309f0cafb5118f21ea44dc11e2961eccacde3b210972c4a44f22da', '41a212d9f714e18d1b0735fc7d27d0215ae51746a0e76a7e72041f2592e5036c');
INSERT INTO SSPROVINCIALE(nome, password, salt) VALUES ('Aosta', '049c9bb6d93cca567833c3cd4188a8851a77a63f0451a4db5a4a1e4f68d1eb06', '7b9149be22caf808382126e4fec2650fe5c5c03676e8739c2897a4a93bdf1050');
INSERT INTO SSPROVINCIALE(nome, password, salt) VALUES ('Arezzo', 'e1f7af78745b6fb02f1f714c46e424ec0e83b0af60ad8e7055a48dc50f3cf96e', '671c45d53768285cc11de57e6217ef758fe49bd16325468c0bcef7ff139f60bb');
INSERT INTO SSPROVINCIALE(nome, password, salt) VALUES ('Ascoli Piceno', '40022cdf0ca3674acf7608c2bcf0813b1ebeb8cef36f7ca55fd7a3515e0e7c61', 'c7f83e5fbc55da9a093b44730b01738d735bb4b52ff87f7295e5be52acde7110');
INSERT INTO SSPROVINCIALE(nome, password, salt) VALUES ('Asti', 'dd2b07bb3cc3d94e9ea56db6ab07eb19b260ec1ee55d1bfa744a7a2f9286c6ba', 'ef57f4e1c0ac9bbeb55e3e5573dd32410761d849117fed272df489c4a997b5a4');
INSERT INTO SSPROVINCIALE(nome, password, salt) VALUES ('Avellino', 'b4acf9cd708c88b630daabe0bab66abd2482516bac36312c6fe8d41fb4833cf7', '48a4150c05a845d06280d662dd028c6f82135c82c4f39331f3fdb3808692342d');
INSERT INTO SSPROVINCIALE(nome, password, salt) VALUES ('Bari', '03e41a98acd427c7f1175303d9a586f785ea90db39cd7493c3115545e5e7a620', 'c050013aadd58454d08bb14cd8ece31195ecf8063431b1b8313e11bc21f67036');
INSERT INTO SSPROVINCIALE(nome, password, salt) VALUES ('Barletta-Andria-Trani', '6d93d9cbeaa7fea3d95e4eef1da91940c5133b635b6c47c86f11f60b9773b918', 'ab1078a48f6c1b3e45c15866aabbf72a056c285362f28948d032647f4f90cf90');
INSERT INTO SSPROVINCIALE(nome, password, salt) VALUES ('Belluno', '8595954e3747260302b790631f8a9f3e15095a1d985a991f4a2a42105931d385', 'd167a7a6f2089b4031b77b136833da6dae7d1f02c8ef64cee45a52c967333611');
INSERT INTO SSPROVINCIALE(nome, password, salt) VALUES ('Benevento', 'c2da260f34f8931a95301dab5dce3a7f3d945640297747192930612b8819a3d3', 'ed8025003b90cfa988f90341ab05ceb538330ceea017eb531234cd355ef9266c');
INSERT INTO SSPROVINCIALE(nome, password, salt) VALUES ('Bergamo', 'de46fbff25e715b6a087bbf3dfc5235bbc7335ec1c8244af111da609c26e1e9b', '14a299564e52e6f71ac7abf1c467c0aee8a6859441e2ad7a571443039eaf22e2');
INSERT INTO SSPROVINCIALE(nome, password, salt) VALUES ('Biella', '73572af96ae478a49f294934a02fafe29210c5b77a60267f203ece0789364799', 'd4d1d904f4167cf485da631bdbc89a3b8435540cbb8390dfd5ebbed908c5fbef');
INSERT INTO SSPROVINCIALE(nome, password, salt) VALUES ('Bologna', '15fbdb96da7c15b1fea18153b6e94b96ea19f17e7f43c4a9cff88e10205f70fd', 'b189dbe0e768f4e7109c0902d09bc4effdb8683f232ce8b88681630abe1999a2');
INSERT INTO SSPROVINCIALE(nome, password, salt) VALUES ('Bolzano', '7d3fb395aae23add8827b6a309011f6a0511930f17d8064b22c5078927054ae6', '840f648dc50077480a56294c4dd3e89d5ed4a5dfa887136948134135be669afd');
INSERT INTO SSPROVINCIALE(nome, password, salt) VALUES ('Brescia', 'ccbe6f69ebdca10ab988d79b9b6d33c793bdc0e59776840b7d7a9333c7f5583e', 'd1f8c7630bb0fb5b0229dd62ffd550d4061a223e08d240168532d3b18b42587c');
INSERT INTO SSPROVINCIALE(nome, password, salt) VALUES ('Brindisi', 'd6831ff301b5f56a8f449267561baaab98896492fa8742f9eea771d99078a5d7', 'af1691f2b80a74c0552f77e6c8d392fd1c49eb08237998d545578beede6ccbba');
INSERT INTO SSPROVINCIALE(nome, password, salt) VALUES ('Cagliari', 'de3285f80de1ccd8b1697597650067b6065234898889555df745e3ae4553c078', '20d648658220d3366afeaec9a272f5d0d48158a909cac9456e2292bd3ec2c3bf');
INSERT INTO SSPROVINCIALE(nome, password, salt) VALUES ('Caltanissetta', 'db8d85d01c8779acf42e63b0e7fb1a060a2bb47f20f50629ad0277a376aa8a3a', '784e8a1621debfc1961cb5fe8e4e95ad0d724b8b0334edc090cda1074fdc4d65');
INSERT INTO SSPROVINCIALE(nome, password, salt) VALUES ('Campobasso', '23af5937f81d0fa59aff387508211c4440cbe54895672083820b4d522c4f8223', 'e851daa92d537913bfb3369cd09333a98de508aec92f3748a4fbc14aa24d6fb2');
INSERT INTO SSPROVINCIALE(nome, password, salt) VALUES ('Carbonia-Iglesias', 'bf03741204e46dd7fc813b3f1aa71b24968a458703f55b6203fa388af0729ed2', '87c8274d9923a140ce1dad4b347e1c2de0d81d926e3c7b7e9e16d0c827d3c03e');
INSERT INTO SSPROVINCIALE(nome, password, salt) VALUES ('Caserta', '2fdc695b471a5c7d1c1e357d2ed2ea3cc86eefcfcd5d250970fc1bfa8dbc7c68', '97f6fcc23a1c3ede724d62479c8cbf4397aa5d715f4de7870628da5498e3907d');
INSERT INTO SSPROVINCIALE(nome, password, salt) VALUES ('Catania', 'edc2eb00290546605077e194ac33c8724713d3a072db77dfe5d64bd1ea53aa21', 'b30e52bf14161018aa52be047fd58010b65f6fc0ccb1d8fcb5bf69859b5bf128');
INSERT INTO SSPROVINCIALE(nome, password, salt) VALUES ('Catanzaro', '70d5c5209564f5041124744057ea96c2b55a56eb8ddf9906c4abc056335f66a5', '6f681a95f6a3fbe12725ed62686d9d8a980ad18bf7cc3de83399f5274550773a');
INSERT INTO SSPROVINCIALE(nome, password, salt) VALUES ('Chieti', 'a0b87a749cf7e882d3500b9ad8920bb2f9d23ab10144a21239a72945ce1db8b4', '9fdec04231bb8dc294e640e0f6e243e751f09c97f181cd28b61fdcd91e88040c');
INSERT INTO SSPROVINCIALE(nome, password, salt) VALUES ('Como', '794a5c2a16a927eff35c91c806f1ec8278f34decbda641780ab64d51bb61e1e6', '19e83b8b6c60061110f7d0f88d66044e32adf4a6d1fac216ddea75c6e0beb38d');
INSERT INTO SSPROVINCIALE(nome, password, salt) VALUES ('Cosenza', 'abcad13afbecc2f805c7fb94f96f5f54b417ebefc83684d3285ebe84e5b4099c', '051709990aa3f512ebf2e6db95a7910e9af1e7f34e2970235e976e5d35f45661');
INSERT INTO SSPROVINCIALE(nome, password, salt) VALUES ('Cremona', 'd7912b92ada83729702d0afaa02f6a25596b55f4ac96271dc0bb1a4eb5da79d3', '231adbc5254aad6d271f8c97219d53ea56666c3e40b0000d3e6d73f2d0da055d');
INSERT INTO SSPROVINCIALE(nome, password, salt) VALUES ('Crotone', '71b3b6644611245cd934a29c51d617be97c3b6e577d6125c91d36d05511f7b39', '3a34fc4b89a6eb8de98b63f2a7ab56f1a21378dbbc7d326e8bf6939931923871');
INSERT INTO SSPROVINCIALE(nome, password, salt) VALUES ('Cuneo', '1e48fec0d55f3e15ab6917a7e961238e137e24aa595165317b39d69310cc89e4', '0dbac75b36d44112bc1432dbd883d8e4edbdc141771bba9cf31c51b7ba30228f');
INSERT INTO SSPROVINCIALE(nome, password, salt) VALUES ('Enna', 'c7d3a611aabcf4d0be689bd44e91b3819eeb647b50c94bccef253daca7c2d330', '2938fee0c9654518ae00b2d08b637364ffc0d95cb67d518bfe7736059caa4b93');
INSERT INTO SSPROVINCIALE(nome, password, salt) VALUES ('Fermo', '516c9d80c5781da225adcd6f753bdd47fff3805ae60565de88e4be420572a47a', '02edde068b9ff5dbb47ac58ace478b1e110859eed000f3c2ed222f4a5e674383');
INSERT INTO SSPROVINCIALE(nome, password, salt) VALUES ('Ferrara', '33ecf23b3fd3cc8136cc7c2f2a11d5446a7484cfa174b1fbb5dd4f23b6d98b1e', '84bc98625ef042ebaea99e6e3ea5d9d7abebb5edcf4f5b4ebebbd6ac90b1f3aa');
INSERT INTO SSPROVINCIALE(nome, password, salt) VALUES ('Firenze', 'bd9b385451273a4986808c6504b4f3cadcb442d0a09c2f33841ae5a55031e25d', 'f35aad9b78bfc7111968b80a8ab5fee7fdf61a64a15cb11447f12bb90ada50a9');
INSERT INTO SSPROVINCIALE(nome, password, salt) VALUES ('Foggia', 'db9e00533ed7e6c34df168752d7ed2c89f7141a6f120df9cc92aefe26a6bcef3', 'fc147f5262a9ee5a9c64dd43f30f376dce10fa4395cc497246e3c82be1552252');
INSERT INTO SSPROVINCIALE(nome, password, salt) VALUES ('Forlì-Cesena', 'd723137f17a9ab61b095f648e3d359b814ea00e72248159ad043b8135cdf799a', '30c672cc401a3fd00ed31f943a000e07e4586d2b2cc6ea676f989b1ca5d0f01e');
INSERT INTO SSPROVINCIALE(nome, password, salt) VALUES ('Frosinone', '1020b6d717cadaae3e7da72c431399ce54ff6d2e79bb88de5aa3e3e040207c49', 'adf501d7e2580fe2a11c5df3352f0d351b9982f643bd55c4c8d255e1907c8cfc');
INSERT INTO SSPROVINCIALE(nome, password, salt) VALUES ('Genova', '9d1ac63347180a9e56a8fe70c71164f925cf668fb90daa7e77d35b200e3bea7b', 'ab7717c443504d1ab7577dd8c8346f7aa56ecc8e2d0a1a8f9ba3818997da657a');
INSERT INTO SSPROVINCIALE(nome, password, salt) VALUES ('Gorizia', 'fa15e74968df58d80d838a85c1d11a2334049ed41e454b2755b430276b3bfe6d', 'a9fb48dfd2096b055d45fd80e1ba6b2a3646faa718dfe95ea2097115acd873a6');
INSERT INTO SSPROVINCIALE(nome, password, salt) VALUES ('Grosseto', '1f6fc68c792e6d5da5c65ee4c0dcceb050a9eff2b39bfa95df47fdb7000f2930', 'ca92b5d429619779183c621bfc3228de3da5c8e2b20614bc7eeea34dda8de017');
INSERT INTO SSPROVINCIALE(nome, password, salt) VALUES ('Imperia', '216b02845d343a2b75edc9795941581b56ef73cc93bd476857647f84078f73ee', '006c4bfc8940e9b2dffa744ef4ace8f4a448f00738437c3b98959542540101ac');
INSERT INTO SSPROVINCIALE(nome, password, salt) VALUES ('Isernia', 'c744cbd71900a1972fe427eb1367923c09be80595187003b25820e4429940b93', 'ceded9919a1b089d72f52ad6a7c4f39451bcf944e66fc77a3caafc0869e60144');
INSERT INTO SSPROVINCIALE(nome, password, salt) VALUES ('La Spezia', '2c06da321f9df5f1c15c3f8e4eabe2bb48f2a75fc489082dabec7ece1abff471', 'b4986a9aece4573ccbafb2d2390877a78b968b378ec6601ba99bd1bded531937');
INSERT INTO SSPROVINCIALE(nome, password, salt) VALUES ('Aquila', 'ace2deaa8392ec9dc620d57c6504f50ce874f15f2809cf52e182541af93bdcd9', '51e622bb3b1722fcd1cb5b5b08bf80e60691e7f61448b83a9cb166cc5abc2d91');
INSERT INTO SSPROVINCIALE(nome, password, salt) VALUES ('Latina', '93692f61d20ecf9a8dd16f2bae25de4d8b6fb496fec3f9c8698ce4add7b332b7', 'd1cfc2a1b9d54bbb1ca819eecdb9bdac48e7b78780ef05c2975d7f2597b29477');
INSERT INTO SSPROVINCIALE(nome, password, salt) VALUES ('Lecce', 'c0d6ba50fb598f105efbce8c1ac4f215376e396c7ebbcc9d4582b215283d954a', 'ff29f3bd81c8e83ab5c3340d54a78bfa14d936d5fdc0bdce9a4e663c0224bb81');
INSERT INTO SSPROVINCIALE(nome, password, salt) VALUES ('Lecco', '7d4ef6134c03da06dd717f9e91dcfcf651a4235468c15480cd5d96aa979dd69e', '1dc2257257eba8de51d9cc759ff3da371ba9454404ee809f4a64bf540d6227c6');
INSERT INTO SSPROVINCIALE(nome, password, salt) VALUES ('Livorno', '25711a912a59677a81fe215d2eade7a7deccdafeeb913f17cc85ec9c66fe846d', '6aad2b6867663bec8b3c0fe59dbd57f87b8fe0d735f49085641a2c853b1db19f');
INSERT INTO SSPROVINCIALE(nome, password, salt) VALUES ('Lodi', 'd2a4e70ea2e5a27f11651dda9507b786bca0df9b3af945bf81c23e3acc899b25', '21b902c149eb42c5d2e562ef036dadf6034c91c8ff2b0dad2147136fd93c6ca2');
INSERT INTO SSPROVINCIALE(nome, password, salt) VALUES ('Lucca', '8e03342f6fc2231baabd47000a856e99781a1de6bb9a28aa836971aef2d77d3b', 'ca2bdd5e05ed7882a0120dcd2f456a4dc355abb2d2e270bf0d314c451f065eaf');
INSERT INTO SSPROVINCIALE(nome, password, salt) VALUES ('Macerata', 'f11311746cb9a312a582d466835acdcff1aa89f8b5bb91012ad3572bdb447fcd', 'd47c04641827b5a460e7a06eb95528f39e9b212f10fbe0149c15c5d2dba44674');
INSERT INTO SSPROVINCIALE(nome, password, salt) VALUES ('Mantova', '666b3a9f6357383d3d36e91b121ed2613cc388ce57d84b784546ad2be40935cf', '2b5879e47bc345c9ba5ace8a75dc9e9a8d76bbc8bb2435a9cafcd724272bfefe');
INSERT INTO SSPROVINCIALE(nome, password, salt) VALUES ('Massa-Carrara', '90e2bf2b3beb1b08e7460d0b2452ae083f260c9fa8faed3f2f150d3ef3314f7d', '89ad644b8ea396641e8ef8a2352afe2df35bb5b15b2385a0ca0f9a4121d22d71');
INSERT INTO SSPROVINCIALE(nome, password, salt) VALUES ('Matera', '27ab5eb6f41e8c9e9aa756bf978aebee445d828be384404a1be77a4fa1c7ab5e', '9b74b0f1d3668a1283637ffbef7f9cfa7aef9a4f32b4b3531169b370e89d7cb7');
INSERT INTO SSPROVINCIALE(nome, password, salt) VALUES ('Messina', 'cf147d7fac14f998f578e49e866c8b343536ee85aab43c460cddb180b03412c4', '8fd7b64dadeb17bc49c5e01a072ca4ebd06169e213e39451b2949b5545b39213');
INSERT INTO SSPROVINCIALE(nome, password, salt) VALUES ('Milano', 'e03561e002105e23fcc5eda3d5afdac17b612d2c08c31665cdfb984a08c7e769', '6dba910f993ef54ba028e8bc19be774713660e9aa1a72b47aea68202eb9e36b1');
INSERT INTO SSPROVINCIALE(nome, password, salt) VALUES ('Modena', '2d6cbd381009284273f8fc2e696e30c0f20f0e462b6f5eb2e865175d33b2aa8a', 'b50ace16dd4ae933e917280d7e3160ead177edc1e1212bf9cf841cb9d5b5bdff');
INSERT INTO SSPROVINCIALE(nome, password, salt) VALUES ('Monza e della Brianza', 'b4df43276de9c16773e4a333c9eed760c7b5f1d1433a63190eec7d4dead44bf2', '657e413c11f3b9c9bcc0ca0309643a1eeade2f9cdac29ead56651f5b473346c4');
INSERT INTO SSPROVINCIALE(nome, password, salt) VALUES ('Napoli', 'd7f6c89173fd29219216a54b056acf0bc4beccf228e70d6107b5bbd7eb594009', 'a97ce5b1c2fe9c291c02b7f10cc163a65f9f9adfba1f16bc6b5787218d3fc91f');
INSERT INTO SSPROVINCIALE(nome, password, salt) VALUES ('Novara', 'd8e55548408879fba9ea41138b63909d749f0c14f91886fa561cbd167f8c1d6a', '0aef40ec7cd0220fb42b70ad889c62c8e7abb58111c2373f55d69d1997346539');
INSERT INTO SSPROVINCIALE(nome, password, salt) VALUES ('Nuoro', '045cbdba8ac15603957b99e46df6d79b67453407417b23c75261f6657a99c22b', '704bb3c9c6492ae6f4a95abd2b8c91e76253c9a6d9e39b5113be3487a361d58e');
INSERT INTO SSPROVINCIALE(nome, password, salt) VALUES ('Olbia-Tempio', '5108d07d72478f31da8d747b6ee402c5800ac49ad6d45606d3806a84e985df5a', 'b2429f99fb1a61da52458297ae052a16ed22aaf630c960d37c5437e938ab7140');
INSERT INTO SSPROVINCIALE(nome, password, salt) VALUES ('Oristano', '4119d4db745733c9d899dd9dcbdc59c4a691e9da0f73cb81c45419c305d448f6', 'dfa99f0ab35bde61d69018ac82e5c94f919b67c945baf2361d4e49bb41403688');
INSERT INTO SSPROVINCIALE(nome, password, salt) VALUES ('Padova', 'f7fc7267f800d08594a2a58954ea9153e7cd8351f903a3cc58ce1371ddac4118', 'd16d640599b519871e20c508cbdc4cd498916ccc9ca9b9a489457f5f778db509');
INSERT INTO SSPROVINCIALE(nome, password, salt) VALUES ('Palermo', '007d857f564a7b808484340853d8beaeacebc3b1cdde585a0860da373fb648bc', 'b72dbfb8dddd9fe6a75259e2faa568149463e8d1a95bdd70c63f1c35a3a0be51');
INSERT INTO SSPROVINCIALE(nome, password, salt) VALUES ('Parma', 'a84ac4c92e1499734a748b0aeb21207d096571133a6ec3b2cfc2b319a9393bbf', 'b62854e319898a0ff891ab7a13012b2b8a4feb1373641ce80302bcb80fd18747');
INSERT INTO SSPROVINCIALE(nome, password, salt) VALUES ('Pavia', '57d6518d5e46e35c730e5bf76fc607b185b1566633e01777fab47adc2f4b1f7c', 'f2e9c7b60b525ceef6698c5c3cdc29d05f95d68564737ab010c5ffdbfe4e974f');
INSERT INTO SSPROVINCIALE(nome, password, salt) VALUES ('Perugia', 'c2af5c3d55255f3c08d36b636a7fe7570d752391bb91aa04fa6673116de160e9', '942857026b041dbd81fa341eca0952d68ef42e3f857581ce3aabd2a8da149cdf');
INSERT INTO SSPROVINCIALE(nome, password, salt) VALUES ('Pesaro e Urbino', '1d40934e4637112c91d42e1b3396e517f54533d6a3c027e116cf4535942f7e49', '791e137f182bd7709c0b25a89335cdebcba4f900331f4d9b50231e3742bf5fb9');
INSERT INTO SSPROVINCIALE(nome, password, salt) VALUES ('Pescara', '9e0538555745e704d24bc9ac5f88021c493508ad6cea458b3682a049c5d81e15', '6fd6d3f179d46553c36e57fc4275752dcbb969cc2a1065641e7b279f8c264293');
INSERT INTO SSPROVINCIALE(nome, password, salt) VALUES ('Piacenza', '54595eee085198387576c794e25b47196a3e5b93407ea081f66e1f849bd068c2', '6989c7ac8cdebce1e25f7245de1b80ecb6b4b90005b0a99a718620526f53072c');
INSERT INTO SSPROVINCIALE(nome, password, salt) VALUES ('Pisa', '958e2c61763928e7556ec0bfc5b2b0df2f85552b84d89cdc58861519ce900caa', 'eb687190584cd482bf1db641acf2d3cc722445117e42dd6d3b1c19c7fa6f358f');
INSERT INTO SSPROVINCIALE(nome, password, salt) VALUES ('Pistoia', 'ae4171a9a92d17de009d2d787aa759fc36a0a7bafc5ba07a83d684cda17279f6', '61faa3dd4d18faebd33773268d879f0fee8dbda7b8ee8ee2376d8667c52a1c93');
INSERT INTO SSPROVINCIALE(nome, password, salt) VALUES ('Pordenone', '60a3458971cf9dfc6942516b7d5e9e1aced6990dbcea544afaa4e1d12de611d3', 'a36a0b54eca0610f26b17aeb369d86f09dd2e6ac5d94d322f893b38dad560807');
INSERT INTO SSPROVINCIALE(nome, password, salt) VALUES ('Potenza', 'ca94ebc84e23e76847a90fc6939cb5528e930895bd194d4fadd67b6ea35d74b9', '047bbb79efcb4b42cca80bfbefa4e1fe8b5599236bd244a1364b31449509cdbb');
INSERT INTO SSPROVINCIALE(nome, password, salt) VALUES ('Prato', 'dc122abee0901ab4e55c53f9d5c9c69cc2ac74ddff4dcda9f8f18b70b19bbbba', '01b11c7243e9aa811c1439098ca4d15da3144b8ae7903b1c7fd85030cc7bbb97');
INSERT INTO SSPROVINCIALE(nome, password, salt) VALUES ('Ragusa', 'bbcbe0a6338538e99cc44ec40d547458da3028591072267c6e65d0bd8eb2be9b', '339a81ed627a652f9f25b9529c90a12529b9fc0f70cd73326b2552959ef79856');
INSERT INTO SSPROVINCIALE(nome, password, salt) VALUES ('Ravenna', '07c686eaef36b9263c76f0905a744389cd415901434251209a4106992627c34c', 'c176a62b8d1dce0c47f561910d512334a02fb0ce78e7e89809b6b9ea8ecc3907');
INSERT INTO SSPROVINCIALE(nome, password, salt) VALUES ('Reggio Calabria', '93c41d57cd3ee53f9b5d12e8ca614f8e27dc550d9d98a118a0910e18576acaee', '88b600149b00cade2d8b70cc8e60e409c8c9728004edaf574ce4a82675bd70c0');
INSERT INTO SSPROVINCIALE(nome, password, salt) VALUES ('Reggio Emilia', 'b13f9c78543d8d74b18c03bca75e979d72565b02eafbc1d9075f9447efb6e2b4', 'fe87b62fceabd45f67942c8bb69c4b4227062c7686bafe245ec7b643e0df142f');
INSERT INTO SSPROVINCIALE(nome, password, salt) VALUES ('Rieti', '5176fe8e72f9edf8de2cfeaa2aac98a9cb06fbef25d54d990cce84696d8ad3b1', '2e17c22a47f5cfe95140400b38fc093a8c9c8439e0ae1fcb563ecfab92c76f0a');
INSERT INTO SSPROVINCIALE(nome, password, salt) VALUES ('Rimini', 'c31208223b5497ec1a92f9e0fa1b6e4f9fc8e3a617879b1daf1221d77aa95422', 'bc3a0d118826285cd7efc3eb41ce57ac1c6cb36f55cce4ff67b973757629ea0d');
INSERT INTO SSPROVINCIALE(nome, password, salt) VALUES ('Roma', '6efd3392be179e305059cbf494e6acceb61f1ae248dd7f404e3bbb444832b6f5', '64a40232617aeb88bc70d06afdfc45887ddce5695bc335b85cded319c4e16b86');
INSERT INTO SSPROVINCIALE(nome, password, salt) VALUES ('Rovigo', '9c6d614495829bb305017d23d9852ee7d8bd3a57ba59d17bf437ec67b9b391d4', 'dfa849b273a0b2b252fd9664b23aa12e5243e36bbcaa356ecfb033f7c0475aea');
INSERT INTO SSPROVINCIALE(nome, password, salt) VALUES ('Salerno', '762c013bac837d49c4320d97da75195491998771c06da027e837c3b6710001b5', '7512e6c65e55c3b4144e3ce92f27da8895b435cce5ca6ebf3f0f01e8aad1c723');
INSERT INTO SSPROVINCIALE(nome, password, salt) VALUES ('Medio Campidano', '475e9a9268e7234e2c04c8d8cc3a4d943c11c605cb76db838bc9710cd5dcf76c', '27d133e8604ed77feef1c82735fbb01347ef562891cb1d2f01964f20158ea307');
INSERT INTO SSPROVINCIALE(nome, password, salt) VALUES ('Sassari', 'b9ee6b6859735023069bb3b2bfb526e34040e760bbc4c62747a971bc4fd3b3bc', '07ecb276dad1c9c49f59a3ed26ce1c2e4b8a6a6550b94f3a66a7ca897f49f235');
INSERT INTO SSPROVINCIALE(nome, password, salt) VALUES ('Savona', 'aeaeb1210c3563625a691019ed874a7f1909d796632b7f849c56ab359921f50f', '435d52cacd1eede144907efd6a85b892fc8336feeac388488098366385fc538b');
INSERT INTO SSPROVINCIALE(nome, password, salt) VALUES ('Siena', 'e4fec536f163d76148356aa93a34fffbc19534501fd0485e8abc5efb7b78627c', 'd612a2fd2e199647d315dbe4818ad1213384c2c6cde02dc6b0b9c0d84f127ed2');
INSERT INTO SSPROVINCIALE(nome, password, salt) VALUES ('Siracusa', 'ee5b94e7b72de54047fcae66ca1e28bfc4c007632161ab1d3c664a790765eb49', '02b778ca9396e7a2eae313ceacb4e246d47ef8060f62521010da1f521c28fbb8');
INSERT INTO SSPROVINCIALE(nome, password, salt) VALUES ('Sondrio', '5faaec502bfd52f35caa43d50e7efb647e848731968d9e738b5319a71b3785f6', 'e661b4a850338da8f27ae027fb214925051648c539957393499ecb419d3c6dd6');
INSERT INTO SSPROVINCIALE(nome, password, salt) VALUES ('Taranto', '2305b96548ac61ed7657529e385a10aa7164375add7eefde1717ebe0b4d9f148', '70eea77f83c723338b6f71a04b18129a69ea6e7514d3d1c0b9edb4214785858d');
INSERT INTO SSPROVINCIALE(nome, password, salt) VALUES ('Teramo', 'd21b0d36a4c39505005a8da4b20486d3b3f9dc263f8070bac5a19f307ccb9871', '9c958cc6f6df0e38fa07d700131e42e357daaf89606ce3f309f306b349073f1d');
INSERT INTO SSPROVINCIALE(nome, password, salt) VALUES ('Terni', '57376657ef06eac75de572781b093808bc7dd5236dff06af539d7ac2e3b40f54', '65a3680eb6b39a9012e809b33f9876caa70b4d242163b905860a8150e3bfb78a');
INSERT INTO SSPROVINCIALE(nome, password, salt) VALUES ('Torino', 'd26929fa3ac94a1496335e93e87dd3eb631ff8984d80092f8e0f1d57369ca99d', '6125fb21ad77195f78a3563e4d2775b397e484528f3f7fbad7c9366a7cc46218');
INSERT INTO SSPROVINCIALE(nome, password, salt) VALUES ('Ogliastra', '9d51df9925f203253dbce65bbf3da1038a5b1972cc34377f9346c31916a6daea', 'aa910a3c9082271a156d996749c82bfd699e39f041f67afaa2f3a33efd577b76');
INSERT INTO SSPROVINCIALE(nome, password, salt) VALUES ('Trapani', 'fd956257fbe9ad460d83f46170cbede60cceb7ce0c8b84c0286b196ab1547386', 'd02d0b9dc9f42391e9e26288b98fa3238d435c39661130663ba15b3e6624cbd0');
INSERT INTO SSPROVINCIALE(nome, password, salt) VALUES ('Trento', 'e192d392030d1e394c4d79c65576b7756bd0adc800b3d72280859ebe5cfa5850', '46a49d0547282107dc82dd5b02e277c314e8a37b54a2e763175a7465f81aa90e');
INSERT INTO SSPROVINCIALE(nome, password, salt) VALUES ('Treviso', '4505596d5f643be8816e8e1096c7c3fb66d8d2784838bcf66448b193ead03768', '1209f4eea7c298d7c080894e57537a641569f96705e068b75709589c4b08f643');
INSERT INTO SSPROVINCIALE(nome, password, salt) VALUES ('Trieste', '26713b5a371ab6af1278739757c5176330e73e410713707242473aac49666dec', 'e4d0648c73de1861ef9707263ef3bff50b45cde92ec1aec71dd9dc47ae01e21b');
INSERT INTO SSPROVINCIALE(nome, password, salt) VALUES ('Udine', '9ba8f8419921078017465a5a48c200ca195058c88a655602323148eac5cb3c2c', '9a5617d07dd55d5b1ae3c803dad50802f080fd069cee798fb6448da9fbf8f983');
INSERT INTO SSPROVINCIALE(nome, password, salt) VALUES ('Varese', '3816e84eaf66d7ac071e7dc415b63dac52446d2a252bfe46e04cdef5bf7e52c5', '93c865b7eb11184f5e5771596f3684698592ad31c86aaa2035fc9826610518be');
INSERT INTO SSPROVINCIALE(nome, password, salt) VALUES ('Venezia', 'e144bfe02c0782b41f84fa9ad9b347a786623c8156d2193802ab3c4bc00f5341', '62d568a704af481de351ee285f00faf240f3012785f57832b4e4bd4276fde6de');
INSERT INTO SSPROVINCIALE(nome, password, salt) VALUES ('Verbano-Cusio-Ossola', 'bfb1da538c2cf303856f1bebbcbf683c78b09d723c4d0471a3d11616ec669dde', '7a15fafceb791165b8f3fe9c6c3f27ada36e8b9e128d7e9e32775ce7c0000fee');
INSERT INTO SSPROVINCIALE(nome, password, salt) VALUES ('Vercelli', '61f765c4953ae6760e6c8436c9c54222be84622ed79c9ccb1944d3131d4b6d5b', 'd2efc03e92e16bb46ca84d2419e21f6986f78a92d54666f5d3480027f4cac1be');
INSERT INTO SSPROVINCIALE(nome, password, salt) VALUES ('Verona', 'f40ca4d9f301d97235ba6e23e99657365a95c31576e644d2f1f4c62b73d69856', 'e21bd917d4626541b6ac438244aaeb383dbd305551d4200520b21d746b5af7c8');
INSERT INTO SSPROVINCIALE(nome, password, salt) VALUES ('Vibo Valentia', '21e306779544660e96f7ab94866088d5c695ebcfce37db23642034a3af95f36b', 'eee9782ed13688a7a059791eef947d81b7de6fa2a4dffcf0f6af1381cae1dfdc');
INSERT INTO SSPROVINCIALE(nome, password, salt) VALUES ('Vicenza', '97614285b10d861c7c8405e90b1180baccd8760d69eb91ba0caed8555ca22239', '719acb67ebfc9da0ec7bd17b1699776b53eb0b8878ff5526eece1f1420d91efb');
INSERT INTO SSPROVINCIALE(nome, password, salt) VALUES ('Viterbo', '0ce461118ee2cd1b9fd74873d8d62a1c1266d284120c3c41950578565dfb8abf', 'befa47f894051f742ed55babb2e30769d6ee6327cf67f379ff2c5401d49faa66');
INSERT INTO Persona(codF, nome, cognome, password, salt, nascita, citta, sesso, email, vive_id_ssp) VALUES ('WNOSHN70B22I754B','Shin','Owen','c8047d3bf1b1daa2eca270531f0de3dbe0bd0e17753e72569c4fe4255c41394c','b0d30e3144c640203a2f5d3455dd7d0f243321a0794144d567c195b6c091ead4','1945-02-28','Trento',False,'Shin.Owen@gmail.com',38);
INSERT INTO Persona(codF, nome, cognome, password, salt, nascita, citta, sesso, email, vive_id_ssp) VALUES ('WTKCRG49T20E506W','Craig','Witek','a6425fd8ddf21629eb25c48888780dd8745201db829ae2c6114c1c2eb3b933ef','3665a11244d55da2c36ce07720b828f7374a7f1b5276f86c8804d6476c05a3cd','1957-11-25','Rimini',False,'Craig.Witek@gmail.com',49);
INSERT INTO Persona(codF, nome, cognome, password, salt, nascita, citta, sesso, email, vive_id_ssp) VALUES ('PFNJSH39A02B354W','Josh','Pfannenstiel','7882569e90c6204d640d04ab3b9a452da8be094d56dcf8d87714bf1ced11e31e','1da12a52cbb2c083686f95d384c96c5a2605d8b80a2b34460b3f2d873bd51547','2005-05-30','Firenze',True,'Josh.Pfannenstiel@gmail.com',34);
INSERT INTO Persona(codF, nome, cognome, password, salt, nascita, citta, sesso, email, vive_id_ssp) VALUES ('DNWLHW52C64A390O','Lashawna','Dunworth','cbf57e0506e59e63d98b8381231a5f2a4b40372bc6a7d5cd811ce1fb3f2e4402','f692d946a6829d904ead38a5385c74f3cdc2d9ef002e41b80b9d9c697be38009','1949-03-08','Rimini',False,'Lashawna.Dunworth@gmail.com',78);
INSERT INTO Persona(codF, nome, cognome, password, salt, nascita, citta, sesso, email, vive_id_ssp) VALUES ('WRNCST48B59A285F','Celestina','Warnock','2fa8e19ff8752b5cd4958f48e4458e48e36f2005108f097901ece07b71ae936e','700e07f712784a1b3a0a05f6c35e8f72f6da3c718faee922bcbd85d247f89adf','1983-03-30','Venezia',True,'Celestina.Warnock@gmail.com',105);
INSERT INTO Persona(codF, nome, cognome, password, salt, nascita, citta, sesso, email, vive_id_ssp) VALUES ('RNNGNY95R55A390E','Genny','Arnone','418084a168d1c5047951ff9db55d3c10fe15cf7244f5730bcf3727ca21e8e96b','13568a717dc5d009824e1e8a9c2d9302f14d12d81cbb4563242122ad08551494','1996-08-13','Bolzano',False,'Genny.Arnone@gmail.com',99);
INSERT INTO Persona(codF, nome, cognome, password, salt, nascita, citta, sesso, email, vive_id_ssp) VALUES ('GLLVRE66T56I754B','Vera','Geller','3644e57713defee823480c8b5eff00e83d8cbdae71f6b6c2532c670935066f2c','1c13ef5a33476e0d221cb55cdd287f3d7a4fc6d8f189a4ee4eb131d86bc7dba3','1953-03-23','Firenze',False,'Vera.Geller@gmail.com',59);
INSERT INTO Persona(codF, nome, cognome, password, salt, nascita, citta, sesso, email, vive_id_ssp) VALUES ('FSADDA18M24H294F','Addie','Faas','c5d553729ea5b07f51943746f326631ff439b0647162d3582d81c166fe639193','eeb8cbd68c41d3430fab6b1dfc2dc459856e9164e5bd356c88b57596359032dc','1930-03-15','Venezia',False,'Addie.Faas@gmail.com',63);
INSERT INTO Persona(codF, nome, cognome, password, salt, nascita, citta, sesso, email, vive_id_ssp) VALUES ('BSCSKU32H20A944W','Suk','Bischoff','af76463ca846a5de18c96e1fd6141e6846715acedec1699fdd72ace16e7bfb77','94e305dd200dbaeaecbd8bf331820f135db11d61935c1225ad1c9af6c25b7b74','1998-08-31','Ancona',True,'Suk.Bischoff@gmail.com',9);
INSERT INTO Persona(codF, nome, cognome, password, salt, nascita, citta, sesso, email, vive_id_ssp) VALUES ('JQNBBR92B56L117R','Barabara','Joaquin','413363beb09c1bad9b412d67facbb7c6ee6d81acd94295e90a09c082d6f9192d','e47eede41f953307f7b1210f9b1321c14a1bb9c83886749472803b782b325bce','1944-04-18','Venezia',False,'Barabara.Joaquin@gmail.com',43);
INSERT INTO Persona(codF, nome, cognome, password, salt, nascita, citta, sesso, email, vive_id_ssp) VALUES ('MKCLNT98M45E625Z','Lynetta','Makuch','3d1e6d475bf671aeed899edfc22fd24aec7bcb53bd330e49f223cc1ea2aa0567','b1e234486c286e49d62cfa360d00fbd92d1b59b5ad8832c93a65fe011b7138c9','1985-04-02','Siracusa',False,'Lynetta.Makuch@gmail.com',88);
INSERT INTO Persona(codF, nome, cognome, password, salt, nascita, citta, sesso, email, vive_id_ssp) VALUES ('SGDDMR77L60L736O','Edelmira','Sugden','a27da0bb7c8fd64a12ae391a0ba74f6754753a6fdf946362a0ed5237e1f76cdc','58dd48f33176c9aeae4be4ea471042c951a5c8a9dc6c7617f46a3b0795181136','1951-08-15','Venezia',False,'Edelmira.Sugden@gmail.com',41);
INSERT INTO Persona(codF, nome, cognome, password, salt, nascita, citta, sesso, email, vive_id_ssp) VALUES ('DMMSNN39P60A390B','Savanna','Dimmick','24bb904cdbdc0de1dd6aa0446e8a19e1ce3c03ef082d60f9255cfcd56de31463','db76858838b4be8e66c6ffa21f09430f43796eaacf1cb3a5aa62dbeb546e3189','1918-06-25','Siracusa',True,'Savanna.Dimmick@gmail.com',6);
INSERT INTO Persona(codF, nome, cognome, password, salt, nascita, citta, sesso, email, vive_id_ssp) VALUES ('WLSSPH35C43G478M','Stephnie','Woolston','8607f907420b533e6a54ca8f798359c6ab451fd91ec5f5892874ff5a037f33c4','5dafd92e370d1fb8b4dc6188db27bbe59f2a643c98e1d298e8fdb36eb6b83f64','1946-04-05','Venezia',True,'Stephnie.Woolston@gmail.com',34);
INSERT INTO Persona(codF, nome, cognome, password, salt, nascita, citta, sesso, email, vive_id_ssp) VALUES ('VRLTNN73R50F205K','Tawanna','Overland','bb8f425d00720f4dfdb533a6cf55c328818312532e186d3fde9b6dc3bfa504ba','4d17cb70e52015c8e5d1433498f9b8dcae603085ef0a3aff3f8d68f292bfd71e','1916-02-11','Ancona',True,'Tawanna.Overland@gmail.com',20);
INSERT INTO Persona(codF, nome, cognome, password, salt, nascita, citta, sesso, email, vive_id_ssp) VALUES ('LTHMRN58R54A271Y','Mirian','Leatherwood','9f4e38d607edcb38de1be25556861a4593ee5634cec45293c38df5270a7c0bcb','80c7a3508210237ec6d8f4a51c7ec8e33fdd0b08a501575096bd1c95157d01ea','1985-06-03','Venezia',True,'Mirian.Leatherwood@gmail.com',56);
INSERT INTO Persona(codF, nome, cognome, password, salt, nascita, citta, sesso, email, vive_id_ssp) VALUES ('DHMLYN56P05L483U','Lyn','Dahm','b05c0d923dfd3b6b281cab94faac242bebdb83995c5c64288283e00700c611f8','d16999ce8e54d9aed190f8a5d3e5f285d66a79d3cc196af98eba26691559e272','1917-09-02','Rimini',True,'Lyn.Dahm@gmail.com',101);
INSERT INTO Persona(codF, nome, cognome, password, salt, nascita, citta, sesso, email, vive_id_ssp) VALUES ('CLLCSL66P15I754S','Consuelo','Callihan','f4929acba89d6910cd3daed112bba8986e08d37af12b549cb7ea9ad521ddc099','fc61b05861b009092b43ef34d206efb3b2fcb1644bf126481ce57c81d5ed8bad','1998-11-23','Siracusa',True,'Consuelo.Callihan@gmail.com',12);
INSERT INTO Persona(codF, nome, cognome, password, salt, nascita, citta, sesso, email, vive_id_ssp) VALUES ('GBLMLS49T56A952H','Malisa','Goble','0f68d8a1f4d3729a994ae3f3502b41e5af637b316a623c3ed2d77289841af99e','4a9b8461478de35c226b0776bf965db9e408a4cff2b8f6a990b5ce07089ac676','1981-04-24','Firenze',True,'Malisa.Goble@gmail.com',82);
INSERT INTO Persona(codF, nome, cognome, password, salt, nascita, citta, sesso, email, vive_id_ssp) VALUES ('MCNSRY97B44E472A','Sheryll','Mcneil','caaadb9c0b22dfb6f587fbeca5e56dcb24504e310c693a440fcfd78fa4aff23b','134ad94bff73010d6aef395ed0f3406fb92cad731ec362d17c119e0e87e934da','1931-03-20','Rimini',False,'Sheryll.Mcneil@gmail.com',72);
INSERT INTO Persona(codF, nome, cognome, password, salt, nascita, citta, sesso, email, vive_id_ssp) VALUES ('BRYLWN05P02F704C','Ladawn','Brayboy','4f2e59f95c85c9740e4a5dbc5cc80a848dd424e0b8aca453508a1a2e4b7d1f46','c386deda90c300a946a1248128ed205c1e41e310e40e1d081c21f716d45619b5','1921-04-24','Siracusa',True,'Ladawn.Brayboy@gmail.com',72);
INSERT INTO Persona(codF, nome, cognome, password, salt, nascita, citta, sesso, email, vive_id_ssp) VALUES ('GRNLRN37P68H199H','Laurena','Grunwald','a2623d98bcfed37fcd0292f2fba62079cddcb761ad4352cec0a2ab516a05029b','026de98d9c9ae91ac6a3b1dbdc7c90eb1692972f254ecefc513c6a467b5043cd','1976-12-15','Bolzano',True,'Laurena.Grunwald@gmail.com',80);
INSERT INTO Persona(codF, nome, cognome, password, salt, nascita, citta, sesso, email, vive_id_ssp) VALUES ('BFFGTH35H45F839J','Agatha','Bufford','cb030f768d752518080b8360c34ab5682e26337907f9a0888d3674d13734ad89','305a51fac9532b151d1d6bf3967f21b3b5b4845dc392fade9462135c91ba72a2','1989-07-26','Trento',False,'Agatha.Bufford@gmail.com',19);
INSERT INTO Persona(codF, nome, cognome, password, salt, nascita, citta, sesso, email, vive_id_ssp) VALUES ('MSSLSI02L55H294E','Lise','Messing','bdea8c31266dfec6bcbc0ae1e5f8c992f5690c86fbcc7e3e8acb35313b11fec1','eced960d8393be0102ae8d40951f414411e83ee2b1b2ace0658860ed077ea441','1928-05-19','Bolzano',True,'Lise.Messing@gmail.com',70);
INSERT INTO Persona(codF, nome, cognome, password, salt, nascita, citta, sesso, email, vive_id_ssp) VALUES ('BRRCTR59L23A944X','Carter','Brauer','1d81a4b972f9efdca4c277555fa96be1efde7b313953e359a0690b3a6e1d0d25','ce42e0fcd2eda75f78756eb5afe45eb64132f29a53ee20e69e6d74b248f0a022','2014-11-06','Venezia',False,'Carter.Brauer@gmail.com',42);
INSERT INTO Persona(codF, nome, cognome, password, salt, nascita, citta, sesso, email, vive_id_ssp) VALUES ('KNCDEI38M15D612H','Edie','Konecny','4a33c61b6a1b0e75f397c483a3c58dae463d926222bc9752f03474727595de00','02820991133e0f28e0f4d43576d664a0f1639ef02a7d733014371b59bcc6a3b3','1948-07-18','Firenze',True,'Edie.Konecny@gmail.com',64);
INSERT INTO Persona(codF, nome, cognome, password, salt, nascita, citta, sesso, email, vive_id_ssp) VALUES ('WHLJMM16T04H294B','Jimmie','Wheelock','547566f0996c0f7c892591964c1502979306fcb6beba466d2f0d0f927132d1ac','9c16054f767f8eca3aac8e23f8408d0aab098f0b66be9579dcdf60f946b2bc95','1951-01-18','Bolzano',True,'Jimmie.Wheelock@gmail.com',72);
INSERT INTO Persona(codF, nome, cognome, password, salt, nascita, citta, sesso, email, vive_id_ssp) VALUES ('STRMLY40R68E625Z','Marilynn','Strack','feeb1e340cccd1df4b48154f6a0d25cb97c649aa3985a4995d3917440dacfeac','8d965c24b611a6ecd22558b5e6d30e6319fdd1610c3e7c327880f1f43cda786d','1943-12-04','Firenze',False,'Marilynn.Strack@gmail.com',87);
INSERT INTO Persona(codF, nome, cognome, password, salt, nascita, citta, sesso, email, vive_id_ssp) VALUES ('DFFGTR01E41C351N','Gertrud','Duff','6a394e502b1bffcbe0b9bd54bfb67e3897d886dddce42d64cce03730918354aa','aa9484fa35cea9c68bd98fb3a916eade820dfb67280a5d86f114f4fc1c7cf8b4','1959-01-30','Siracusa',True,'Gertrud.Duff@gmail.com',50);
INSERT INTO Persona(codF, nome, cognome, password, salt, nascita, citta, sesso, email, vive_id_ssp) VALUES ('TCHSRN68L30I452A','Spring','Utecht','57956cd3f3d620961101104f8f5ae537b2bb710e66646933f574f393eec7bbfe','5edc9ed521c9e31771ef997736a6f86dd6ce2599bd42fc713cd560f85f3083b8','1961-07-18','Bolzano',False,'Spring.Utecht@gmail.com',83);
INSERT INTO Persona(codF, nome, cognome, password, salt, nascita, citta, sesso, email, vive_id_ssp) VALUES ('LZLPGE98L18G482S','Peg','Lizaola','76cd8090892a12c83579fd8a722b6e0f7eb54550fba25de415dfa6acedf3aa20','57f76f32bd1879c365bb8dbe991f3e2a8b39075a1b3430d780298b29b65cd8db','2019-11-03','Ancona',True,'Peg.Lizaola@gmail.com',41);
INSERT INTO Persona(codF, nome, cognome, password, salt, nascita, citta, sesso, email, vive_id_ssp) VALUES ('CYLSWN76D60A952Y','Shawanda','Caylor','c6e94d4ec1d9abdce787e9845a6229e08de1e08ba1281a1278a41b77ef70e785','60e2b58a972fe68b77f964b40aa7d17e850c0858f181f59bd3bb4d9edf8c81bd','1992-10-01','Ancona',False,'Shawanda.Caylor@gmail.com',69);
INSERT INTO Persona(codF, nome, cognome, password, salt, nascita, citta, sesso, email, vive_id_ssp) VALUES ('CRMTTH28C64A285J','Tabatha','Croom','94544f7b83b72342c5847762a136b27173087bed3bc0c2a2c46f820e92693e43','e44e662200598ff09c9109993c60b13299876c7e63a05c718441c3bbc27e0216','1921-06-09','Ancona',True,'Tabatha.Croom@gmail.com',46);
INSERT INTO Persona(codF, nome, cognome, password, salt, nascita, citta, sesso, email, vive_id_ssp) VALUES ('SNDMDE91P66F952H','Meda','Sandefur','01e041be74c37ad0d2b4612f8487170ebf1cdadcb108f44db77ef9ed5bbe8a74','7a30ca31d11fa31d9f1cc3982e09894beaef071da6290c583237491dcac9d98c','1934-01-21','Venezia',True,'Meda.Sandefur@gmail.com',58);
INSERT INTO Persona(codF, nome, cognome, password, salt, nascita, citta, sesso, email, vive_id_ssp) VALUES ('MCHNRD18M67E472F','Ingrid','Mauch','75ee8c41bb6a379ea730ed6b864b7c437eddd4925f4800a28890ea79e3e7d139','17c505ddf82bbb2241fe67f6317fe67fad2646d3dcbc1aca9d9084424f986203','1938-03-25','Venezia',False,'Ingrid.Mauch@gmail.com',104);
INSERT INTO Persona(codF, nome, cognome, password, salt, nascita, citta, sesso, email, vive_id_ssp) VALUES ('NEULPU14D09H294G','Lupe','Neu','0bf58f10de5727cf5585d75d41d2f4c7ea8d18845957c2f6a822c056271497d9','491adcd20601ca5362bfd2522197cea473ed085a4f0f7972a382a1cd6e1c3316','2006-10-02','Trento',False,'Lupe.Neu@gmail.com',103);
INSERT INTO Persona(codF, nome, cognome, password, salt, nascita, citta, sesso, email, vive_id_ssp) VALUES ('PTTCST16C19F839U','Celestine','Poteet','5a7b2eca6f66b87a553d72c28a806be9d90fbc0a5b90d956a42276d1a2105374','4746159fd70d2ecee0de8466d0d40da08b4ae907453061de8fc23fabafafdf96','1965-10-06','Siracusa',True,'Celestine.Poteet@gmail.com',59);
INSERT INTO Persona(codF, nome, cognome, password, salt, nascita, citta, sesso, email, vive_id_ssp) VALUES ('NNOTNO53M05G999T','Tonie','Noon','23592ae90d517695f3b72c3a962407114d67656c399dc995a1f3a2ffcc9491d5','4b8266b5baeb5499dd923466571e19ae7f764c7103de141eb777a42f0591df27','1933-08-17','Ancona',True,'Tonie.Noon@gmail.com',32);
INSERT INTO Persona(codF, nome, cognome, password, salt, nascita, citta, sesso, email, vive_id_ssp) VALUES ('CDODTT60E08F205R','Dewitt','Coad','82e9e32727fcf7ed04d082964f089df2c1f494ad62883b860bd4e26772b938c3','6a9283640822dca2558affc3613d11a8914f41aff5b6b01b37721ba960900f7c','1919-11-20','Ancona',True,'Dewitt.Coad@gmail.com',76);
INSERT INTO Persona(codF, nome, cognome, password, salt, nascita, citta, sesso, email, vive_id_ssp) VALUES ('CRTFLC16B24I754Z','Felice','Crater','b43f4647073999ef13423102d08607b958cb67aa0b77ff3330066324563bd9d1','f5b9826552daf40743b88ae9fd716e1f54ee81c10d80a016e6acc68211654d19','1914-09-18','Trento',True,'Felice.Crater@gmail.com',16);
INSERT INTO Persona(codF, nome, cognome, password, salt, nascita, citta, sesso, email, vive_id_ssp) VALUES ('SKNDRN90D70A271K','Adriane','Askins','dd29e5897022343103dde762f87f858cb280e32596880c0a0cac51a26d5050d9','d8dbf5b7ff098f21e2e5bb18068b8d4a077863d4794dcd712a67e6daf8a9979f','2013-11-12','Siracusa',False,'Adriane.Askins@gmail.com',69);
INSERT INTO Persona(codF, nome, cognome, password, salt, nascita, citta, sesso, email, vive_id_ssp) VALUES ('CDYMAE48C70D643E','Amee','Coday','dd791f69c721ce5d3ce385cb36f640397c5b0cfcdd9ce9856d41767a11f2f5bb','f1a60fe3f6e8d2b2a5cd350b1ae8cbd0073ef9a5c89f3f777d412fdac04b3d5c','1955-05-25','Ancona',False,'Amee.Coday@gmail.com',10);
INSERT INTO Persona(codF, nome, cognome, password, salt, nascita, citta, sesso, email, vive_id_ssp) VALUES ('VHLKMI82E56C351R','Kimi','Vahle','b8407030b614030866f9f0e034a2fc3555a5ff23531716f1ffd913dd9f79528c','04230e7c234e34fe5ad0808ab2fb3589bc091d5cc8f36f62f6947d27b79c9336','1968-05-01','Rimini',False,'Kimi.Vahle@gmail.com',66);
INSERT INTO Persona(codF, nome, cognome, password, salt, nascita, citta, sesso, email, vive_id_ssp) VALUES ('LBRGGN44S54F952S','Georgina','Labarbera','5bae145525b04969fb73d269fb4db16b6e01d6c6b561be5b076032a35d8df2c0','cb4d2702b5a60426b98a8d90db58a69e5e445030c0781791c977ebf30c73dbe2','1936-09-03','Siracusa',False,'Georgina.Labarbera@gmail.com',67);
INSERT INTO Persona(codF, nome, cognome, password, salt, nascita, citta, sesso, email, vive_id_ssp) VALUES ('BRKDLC83C54H199C','Delicia','Brookes','a98fe74f93ba5704aa8b66c10fb942e46483850a4bae1172ae158540b344539b','025e237ce8bc570f7eda3c610f223e2a61a9fbea650aafa438f978ccdf76841e','2003-09-13','Bolzano',False,'Delicia.Brookes@gmail.com',78);
INSERT INTO Persona(codF, nome, cognome, password, salt, nascita, citta, sesso, email, vive_id_ssp) VALUES ('SRCSLN16P53G535V','Salena','Sircy','ecaf392d66f1e4d205604b07ef8e9ed2e126e5a2f89732b1c8d7fc827edb01e0','95594617bffc0ca2a8e516b327d38b16c16998b709893f1c87e52942a1765723','1990-12-15','Bolzano',True,'Salena.Sircy@gmail.com',14);
INSERT INTO Persona(codF, nome, cognome, password, salt, nascita, citta, sesso, email, vive_id_ssp) VALUES ('HSLBRN00P41G337Y','Berna','Heasley','168aa1ec0d0ebbc87eef6a6f20f4db4038b8d9f89a16712dde331360c5c718b4','1eeeb123af6d6785a0bf2a5167f6f381b8fa0c62efd0f7abd075e25ea801114f','1950-09-03','Siracusa',False,'Berna.Heasley@gmail.com',67);
INSERT INTO Persona(codF, nome, cognome, password, salt, nascita, citta, sesso, email, vive_id_ssp) VALUES ('ZNKDND14H43H703X','Delinda','Zink','d22e1ab854dc4c44f81602ed7e42a7ae3e59392b8666c002ba88a115a935ea23','aebfa55ef548acbfed7bd61589c2bc8f1dcf450c8eb88b65ec86d65774889cc5','1958-07-09','Bolzano',False,'Delinda.Zink@gmail.com',28);
INSERT INTO Persona(codF, nome, cognome, password, salt, nascita, citta, sesso, email, vive_id_ssp) VALUES ('MZRVVT11M18G535T','Velvet','Mazur','e51ba3a94d26cbc607a7828b6aab639fc9cf7b8aec4818f80d3aec8982ce4b6e','9301938231a5d849a0c7253b9d7a1366233b587d66fa543da648d260c42ce3a5','1951-01-07','Rimini',True,'Velvet.Mazur@gmail.com',5);
INSERT INTO Persona(codF, nome, cognome, password, salt, nascita, citta, sesso, email, vive_id_ssp) VALUES ('ZGRKSH76T44A944U','Kesha','Zager','038745ac8022875cc66ecf45a6a18df197f1f782deb5589731914c42e706e7f3','f624e0e6a28e81658f02a153bdb3580aa9db16f38049827caebef8014a48f610','1943-11-27','Ancona',False,'Kesha.Zager@gmail.com',16);
INSERT INTO Persona(codF, nome, cognome, password, salt, nascita, citta, sesso, email, vive_id_ssp) VALUES ('PLRFRD55R12D643V','Fred','Peeler','8d958e777cd1bb1ad1c7e240c5386340ab0ce0349954625cde17249db236836c','b7b50e26e515df50d92de5ca377b3f877dc2c2e604f0a86badeb75f2105b673a','2018-11-06','Bolzano',False,'Fred.Peeler@gmail.com',42);
INSERT INTO Persona(codF, nome, cognome, password, salt, nascita, citta, sesso, email, vive_id_ssp) VALUES ('PLNBEA25D60F952A','Bea','Palencia','16374fa44a81518b631d378f09f93540673b878a86eccf8f987132b28616053c','947a37e0cae0e27eac21b133ea4a877734cfe6cd8049cf119c8f6732f7341e61','1916-03-14','Bolzano',False,'Bea.Palencia@gmail.com',98);
INSERT INTO Persona(codF, nome, cognome, password, salt, nascita, citta, sesso, email, vive_id_ssp) VALUES ('DLBGGN98C42F704W','Georgiana','Dalbey','a14b2f36ac1f89b592da5811bcbd7035cdbfeda0547fb7deb5656312e2d64e25','bc5d6ec4313b18df5e0982f133edb945f16dc231dc7832994f2095a7f3589422','2004-05-08','Ancona',True,'Georgiana.Dalbey@gmail.com',102);
INSERT INTO Persona(codF, nome, cognome, password, salt, nascita, citta, sesso, email, vive_id_ssp) VALUES ('CHPMRV39T43H018V','Marva','Chapman','9795563b422269c20ca55d5316126264d2204edb1e24ccf26a3119048792ef22','89c7d8b4a36c2f5a1642b3437af56d77f9fc54c6a37c15babfdeab5d02cd8642','1970-07-01','Rimini',True,'Marva.Chapman@gmail.com',75);
INSERT INTO Persona(codF, nome, cognome, password, salt, nascita, citta, sesso, email, vive_id_ssp) VALUES ('SDGDSR11P26D643I','Desire','Sedgwick','7f9da5e4235e09402482ad9d40149fa01155da9909ee65ae0544e300233c968c','9c45ede01482d6868e9142b9248562361dda37685180caf875e05c261a7b0058','2005-10-22','Siracusa',False,'Desire.Sedgwick@gmail.com',107);
INSERT INTO Persona(codF, nome, cognome, password, salt, nascita, citta, sesso, email, vive_id_ssp) VALUES ('SHCLNN49C50H199E','Lynna','Ashcraft','d7736257cab800d20b35c01c2a5ec27a64b5d40a5c1ac35ce828b490862a4743','124d6f806d40cb5dc4fff77119e815c253d398d787d7e253adf7f92faf76a2f2','1956-09-01','Firenze',False,'Lynna.Ashcraft@gmail.com',92);
INSERT INTO Persona(codF, nome, cognome, password, salt, nascita, citta, sesso, email, vive_id_ssp) VALUES ('CMNSRL85A45F158P','Shirely','Cimino','4a579327aee6fbb608809d1f5d4de3c52b0d46dcf627119fc0399bc4d2d446f9','8eef5a573e265631ae6ae5d11c53d28f5c1458857724f3b1f673e1c96e106e01','1938-10-14','Venezia',True,'Shirely.Cimino@gmail.com',68);
INSERT INTO Persona(codF, nome, cognome, password, salt, nascita, citta, sesso, email, vive_id_ssp) VALUES ('CLLJNY48L53C573F','Jenny','Collman','83a97bdbe553332cffbdc9fb28bb6e1c4850c08b4939894a3d8febe4578e1494','fcd98bb0299abd2312361c74b58278bb789029fcceef41f31079b454b4edbb57','1942-12-05','Siracusa',False,'Jenny.Collman@gmail.com',63);
INSERT INTO Persona(codF, nome, cognome, password, salt, nascita, citta, sesso, email, vive_id_ssp) VALUES ('TRSZLL64M42D612X','Ozell','Treese','50ef3da52d67251c616642e83a8a3f5f0e6d27e698dc90a859e9d7193aeba812','90dee41653da96452f632bd0c23d7549bf9587eee732639d6c1d5e7332e7ce92','1993-03-01','Trento',True,'Ozell.Treese@gmail.com',80);
INSERT INTO Persona(codF, nome, cognome, password, salt, nascita, citta, sesso, email, vive_id_ssp) VALUES ('SHPPRN92S69H018S','Patrina','Shepler','91bc26f7c92c6cf4c77b3705916d95974f6e62cbb13c64e049a1986810e14d7c','cb3e7218610ee27d6709d6d769d6a4884e36b861ce74f02e31e93c948fa5f682','1929-06-03','Ancona',False,'Patrina.Shepler@gmail.com',58);
INSERT INTO Persona(codF, nome, cognome, password, salt, nascita, citta, sesso, email, vive_id_ssp) VALUES ('VCKLND99S61A794B','Elwanda','Vicks','59062aa38871a5d48e949b8a69de6461d1eb16877d4e2edeca76fe19fa7195b3','59de8a696977356128ff507161a29843faf77c130a87b2c2f135f9e42abe7130','1997-12-07','Ancona',False,'Elwanda.Vicks@gmail.com',81);
INSERT INTO Persona(codF, nome, cognome, password, salt, nascita, citta, sesso, email, vive_id_ssp) VALUES ('KNSKVN32H10E054D','Kelvin','Knauss','18379b91619a1d2e52270f42e741518ba703b91dedf3ec8cd68c2643839b3366','8a9c4404374a1348da59a895d9061def2e41aa86acc72bb9128e1090fd0096ce','2019-10-28','Venezia',False,'Kelvin.Knauss@gmail.com',103);
INSERT INTO Persona(codF, nome, cognome, password, salt, nascita, citta, sesso, email, vive_id_ssp) VALUES ('LFRMYL51D65A952F','Marylouise','Liefer','628cd6bd29eacc555c222d7c48092766ae78780e83bf72bd72c367914afcc5db','b9b6476c2301753c733321c13cb1268a133049c6fab6b515180a2e00442e7a5b','1996-12-22','Ancona',True,'Marylouise.Liefer@gmail.com',64);
INSERT INTO Persona(codF, nome, cognome, password, salt, nascita, citta, sesso, email, vive_id_ssp) VALUES ('CLCMLY49B67A271K','Marilyn','Calcagno','cdceb7cbafca477db99adc70e430b4a11a6b3786ee8e0b885704ef72541dd50d','66713cf57df807b31c4709242dc5243e9897ef49500570837063160557bd8554','1921-08-25','Venezia',False,'Marilyn.Calcagno@gmail.com',102);
INSERT INTO Persona(codF, nome, cognome, password, salt, nascita, citta, sesso, email, vive_id_ssp) VALUES ('BRGSRN46B57D612C','Sharen','Borgman','16aa31b86c3c79db087f63f8d8a4519348ea59f6bd9bbea59d2ea85692a150ed','63832a64cbfed2ef132308872304ccb536eb8884e8e5c348dcd04314c9af61c7','1997-12-04','Venezia',True,'Sharen.Borgman@gmail.com',68);
INSERT INTO Persona(codF, nome, cognome, password, salt, nascita, citta, sesso, email, vive_id_ssp) VALUES ('FRRMLN99B67L049B','Marleen','Freer','a37f74bb6f1d70817b93e728ceb79730c542c4ac31ef88afa2743fc867b0b95f','da25eee314a900f2d22c8881e243dd6b9e96444e61c9438e4dfa79a0164630a2','1930-07-19','Siracusa',False,'Marleen.Freer@gmail.com',20);
INSERT INTO Persona(codF, nome, cognome, password, salt, nascita, citta, sesso, email, vive_id_ssp) VALUES ('BSQDPH23M50G224N','Delphine','Bosque','8361fd50323c9d2f5b1130fd5bfdbd7093d0f527bb5e734396549babae284dad','86922cb8464192c6a1320d72a6c0fff0075c37ac8fa0490b130229afa51aefd7','1983-10-26','Siracusa',True,'Delphine.Bosque@gmail.com',84);
INSERT INTO Persona(codF, nome, cognome, password, salt, nascita, citta, sesso, email, vive_id_ssp) VALUES ('JLNSRY27L57F205H','Shery','Julian','f221b5be1953545311f9de7e804261092bdd2e7c0511ff3b1b8621fbf2477d91','e4e9445df99f338a0212adafcc13464ca3556c5b12f299e3236d7bab58ebbeaa','1968-06-23','Firenze',True,'Shery.Julian@gmail.com',73);
INSERT INTO Persona(codF, nome, cognome, password, salt, nascita, citta, sesso, email, vive_id_ssp) VALUES ('DGGKCY43A63F158S','Kacy','Doggett','1369f4c32d1ac9774a0448206b9edf77b804a85343a5761416bb48cec938c022','4627de240b460445e18b2eaae97b572ed3ec606a4ef799c72d14e6c2c911695a','1936-12-31','Siracusa',True,'Kacy.Doggett@gmail.com',102);
INSERT INTO Persona(codF, nome, cognome, password, salt, nascita, citta, sesso, email, vive_id_ssp) VALUES ('CCOPHL05L62A952J','Ophelia','Coco','2d00a9b96c31da002db987ee87dce8fcaa888c21354a9aba9568acb62fce81ad','bed3072f17a87d8848e9e0c6a04f9353745c4dd317d6213abbf5431b6a0f712c','1985-10-10','Rimini',True,'Ophelia.Coco@gmail.com',4);
INSERT INTO Persona(codF, nome, cognome, password, salt, nascita, citta, sesso, email, vive_id_ssp) VALUES ('SPKMNL56D43L049Q','Magnolia','Spiker','35a81209315d45135e910b689bdd0007ecb2deb0551575f3d182623668ba798f','3ed580b1e9cf008ef65c476d46e7b2f49b65f385f3aa631d100f79d6f2010333','1977-09-19','Rimini',True,'Magnolia.Spiker@gmail.com',16);
INSERT INTO Persona(codF, nome, cognome, password, salt, nascita, citta, sesso, email, vive_id_ssp) VALUES ('BLSNKL96E43F839O','Nickole','Blasi','f66305fa8f57951ef827d58e310fea1f82462b3a6440458a1735c771f343158f','7bcdf726c53a7e3a3851af9ab5d4b332e032bf209c6b2c96a88a3cbee6667e2b','1945-06-18','Venezia',True,'Nickole.Blasi@gmail.com',87);
INSERT INTO Persona(codF, nome, cognome, password, salt, nascita, citta, sesso, email, vive_id_ssp) VALUES ('MRRJLY71L06I754A','Jerilyn','Merriweather','6e691ec576ffebb2dec9e7e961e7d8a0ed8c092b92ed7fcfac0bde61f43d600f','f8159934c818c0d0e204595f7c06a905d2b8806a5dc2c80149e2eab6024e1909','1976-09-28','Trento',False,'Jerilyn.Merriweather@gmail.com',68);
INSERT INTO Persona(codF, nome, cognome, password, salt, nascita, citta, sesso, email, vive_id_ssp) VALUES ('GBBJYO33H27L049Q','Joy','Gibbens','a3d5190a702d3714b54e353a4973c6747ffc7954186b107b93a65db5ef73a4f2','9ed5f3044aca1e7393c432b73ab1c06ad3798e4a3531b23670b95abf24b0f54f','1931-07-11','Ancona',False,'Joy.Gibbens@gmail.com',67);
INSERT INTO Persona(codF, nome, cognome, password, salt, nascita, citta, sesso, email, vive_id_ssp) VALUES ('JWRNNC84E59H018Q','Annice','Jaworski','dd79de3e0f63698c47fb6b86d5432474e1889280c6b7367e8c745c1ac3da4c2a','768e961cf2e2b0a720483a9a4e0b7201fd3acb4925b1149ff66c3e5c6a295315','2011-06-08','Siracusa',True,'Annice.Jaworski@gmail.com',34);
INSERT INTO Persona(codF, nome, cognome, password, salt, nascita, citta, sesso, email, vive_id_ssp) VALUES ('BRMDLC18M57I452P','Dulcie','Bromley','101fa958982546f0564b758ac907acfebc97da1c4a2b3e0c9e912eb6e0c86ec0','eae2c3133d6dbe28c65afb301319b1b8833b20f0cb935c2e62236eb9ba842ebf','2003-10-21','Trento',False,'Dulcie.Bromley@gmail.com',48);
INSERT INTO Persona(codF, nome, cognome, password, salt, nascita, citta, sesso, email, vive_id_ssp) VALUES ('MRNFND60C68C573B','Fonda','Amarante','2be30cd504b0d5db9ebf2a79380eb61eeceed97f84c93ea79f4bfd17ed6a5795','34e8c11edf04aca83aa28c539f45609fe79787f0937736e72248af4a3cae51c9','1962-12-05','Siracusa',False,'Fonda.Amarante@gmail.com',78);
INSERT INTO Persona(codF, nome, cognome, password, salt, nascita, citta, sesso, email, vive_id_ssp) VALUES ('CGLGLN56M25L219Y','Glen','Cagle','71276be7b24cef76461a9638b75c510fcd33b6493f6f80d6ec50fc6cb81c310e','8013b796867bc12ffe20e79dd6eba7af995e8c1b8e224018dd1ad4362b2199d2','2016-05-14','Trento',False,'Glen.Cagle@gmail.com',98);
INSERT INTO Persona(codF, nome, cognome, password, salt, nascita, citta, sesso, email, vive_id_ssp) VALUES ('WDLKZY17H42A271B','Kizzy','Wadlington','850f63561b7202182a162fb5a157ca2bbae6920ca259a3d7452256b98e7f3b21','0432270ce8a97437d6c2062a10266b35877e06048bfc66258b0808319e675fc0','2014-06-22','Firenze',False,'Kizzy.Wadlington@gmail.com',72);
INSERT INTO Persona(codF, nome, cognome, password, salt, nascita, citta, sesso, email, vive_id_ssp) VALUES ('PTNTSH44L51L736S','Tonisha','Putnam','c872030a88ced1eaf68953c7403ba9d5d8496a56b180fb57ae111609e5e3721d','50a6ad9988851d2ab38170dfc1277ee76557dd7ec72ad431a268e9c5eb9d20db','1928-07-29','Firenze',True,'Tonisha.Putnam@gmail.com',62);
INSERT INTO Persona(codF, nome, cognome, password, salt, nascita, citta, sesso, email, vive_id_ssp) VALUES ('KCHRBC71B47F205Y','Rebeca','Keach','d14eea2e522219e564bce8b4a0f0d64f347f15577aa3cdb2cad697d2fe42612d','2fb5fd2ca9243fd38d2925e0a7d683dce5e606257e59780bbb6b33bd322ca12a','1927-01-14','Trento',False,'Rebeca.Keach@gmail.com',1);
INSERT INTO Persona(codF, nome, cognome, password, salt, nascita, citta, sesso, email, vive_id_ssp) VALUES ('BLZVCN99H49L736J','Vincenza','Bolz','e28d4e6c140d158a5a1e5fa792345572e09e0eb91e3220fe2f232c18107c2abd','e14f0c98f6e041633e115d33c0129d0ee4d64059c2196b83e2c96ecc54fbd82b','1942-02-02','Bolzano',True,'Vincenza.Bolz@gmail.com',81);
INSERT INTO Persona(codF, nome, cognome, password, salt, nascita, citta, sesso, email, vive_id_ssp) VALUES ('STNHNY15S53L219N','Honey','Stanbery','eaaf40ac1a062556c5cb2de64499148b97c51068650b3d5051d5c4c7f15b4550','80802195f79757a3d1fc7aeeb1ada207ec59cce22b8ba03516e38ea4a560ddf2','1955-01-05','Venezia',True,'Honey.Stanbery@gmail.com',11);
INSERT INTO Persona(codF, nome, cognome, password, salt, nascita, citta, sesso, email, vive_id_ssp) VALUES ('RTZLRS07S19D643C','Loris','Ritz','e42015245bae5f612f5333d62ffecacbfce1b5e540f27d493bc9297d4f38f435','dd22229f5b40961377a445e5fa99e311a2e3f652eca5c5287eefa705009e3a55','1981-05-17','Firenze',True,'Loris.Ritz@gmail.com',74);
INSERT INTO Persona(codF, nome, cognome, password, salt, nascita, citta, sesso, email, vive_id_ssp) VALUES ('RSNDDR13S04D643W','Dedra','Rosenberg','169798fe4c99676c8ff25722e44f1d4d8581058089eaed395a5556cb68170450','fbfc5803ca913dda6df693d14a96e67af0340e5cafdee91cc61008ffcfdd4070','1923-03-14','Rimini',False,'Dedra.Rosenberg@gmail.com',109);
INSERT INTO Persona(codF, nome, cognome, password, salt, nascita, citta, sesso, email, vive_id_ssp) VALUES ('LCNSNG82H16I452V','Song','Laconte','42b95fedaa4b958814271b8f9ec5b103d8abd197981d6939913f7392525059f3','e6c57e95dde08330f8835a383db1a857cde6905cb4d01671178531a5953091d7','2009-02-16','Rimini',True,'Song.Laconte@gmail.com',46);
INSERT INTO Persona(codF, nome, cognome, password, salt, nascita, citta, sesso, email, vive_id_ssp) VALUES ('LSUNCK20B20A952B','Nickie','Luse','dd43fe016628ed83e1bf0f2c1928ec20e8ff223b32c597c3637b4e99784f4229','74063184ce8c29ebb346c293a1bc7f7b83b3608e2ad79a0b44b2a14666957bde','1921-02-07','Siracusa',True,'Nickie.Luse@gmail.com',77);
INSERT INTO Persona(codF, nome, cognome, password, salt, nascita, citta, sesso, email, vive_id_ssp) VALUES ('CPNLRS70M05L736P','Latrisha','Capuano','bddb44698cec2c40629e630a0186efe24ab9a76ae31915cc0767502bdcbd78f2','c5ad26d6e455b22b59cac600a953215573e606b6e82adf8de210db118a9440c3','1991-09-09','Rimini',True,'Latrisha.Capuano@gmail.com',53);
INSERT INTO Persona(codF, nome, cognome, password, salt, nascita, citta, sesso, email, vive_id_ssp) VALUES ('HBRMDT70D04H018V','Merideth','Haberle','91a75b29f3998779e39aecbcf3ea009108f4c19631e6cbde477ad0fb97a5bd53','f0503324a0827b0557ec4e565d777062aea0bf5a49d2dfffa0161083aef6dc9e','1987-12-22','Bolzano',False,'Merideth.Haberle@gmail.com',40);
INSERT INTO Persona(codF, nome, cognome, password, salt, nascita, citta, sesso, email, vive_id_ssp) VALUES ('MNSTNK42M26D548V','Taneka','Manus','595508dcd1f05ab561ad85bfbdc4ebdee4340d05ce34bda2bc63489d3bdac161','256236760d2866260b6bc40a99af4601ab059c6ad26b02a929a4965b93020987','1995-04-29','Venezia',True,'Taneka.Manus@gmail.com',22);
INSERT INTO Persona(codF, nome, cognome, password, salt, nascita, citta, sesso, email, vive_id_ssp) VALUES ('MSSSRT29M66H294U','Sharita','Messerly','8a36e07bdabf31ddf127515df4aa40b650f9750c7b164a8ec6f937e8643742c5','fa3081742fcd355ec796673da53f8a5ba8f23c04bf3373f9ddee3b7aa6d4dac9','1991-07-28','Trento',False,'Sharita.Messerly@gmail.com',46);
INSERT INTO Persona(codF, nome, cognome, password, salt, nascita, citta, sesso, email, vive_id_ssp) VALUES ('HMNNTR02A61H018B','Anitra','Ehmann','fa1d74a50f6bfacaa862192e128f1f6e3d509ef3b5a6b847325adf24ef4992a6','f01c26ea5214fd7519f1a19c4125114e446db8a60aede8c48d2b116d46970851','2016-07-25','Ancona',True,'Anitra.Ehmann@gmail.com',23);
INSERT INTO Persona(codF, nome, cognome, password, salt, nascita, citta, sesso, email, vive_id_ssp) VALUES ('MNTLGU31R21A952K','Luigi','Menter','c47b4116e21a7d4fb28ae4fa4503b51174fa51eee5fb2e45dea506a595fb7b59','a52293e1e639e2d41f94805fc2397b8ebda509b91f053b905c23d6338e98c309','1917-04-01','Trento',False,'Luigi.Menter@gmail.com',38);
INSERT INTO Persona(codF, nome, cognome, password, salt, nascita, citta, sesso, email, vive_id_ssp) VALUES ('GSSYKK73C52A944U','Yukiko','Gossman','ad8ff0754958d12e4161f77c637dddc8fbcd46745e0ade581d113b38c06f974a','14c5999551cc719cceb202c04c6091d0d6787c1f2f4a45bde61f7c376c8cbb4a','1925-05-10','Venezia',True,'Yukiko.Gossman@gmail.com',4);
INSERT INTO Persona(codF, nome, cognome, password, salt, nascita, citta, sesso, email, vive_id_ssp) VALUES ('RKWLDR51S05B354G','Leandro','Rakowski','bb00f8f39853e299f491cbd126cf60b4b7f74d7929a904d0f41861cf91ab68a6','3438579bcda1082d83cde168820b752314225321513b23f61fc185511649cd0b','1924-01-03','Venezia',False,'Leandro.Rakowski@gmail.com',3);
INSERT INTO Persona(codF, nome, cognome, password, salt, nascita, citta, sesso, email, vive_id_ssp) VALUES ('WTKSLN15A66L736V','Suellen','Witek','b55a2a9bd69bbf411821272f8936d6427e2c27fa7a52e114c584e78b4c5f5f05','b1821459acb6df243d397f8733f82f6208284eae222d463980b24a0e17ee4b0d','1959-03-17','Venezia',True,'Suellen.Witek@gmail.com',48);
INSERT INTO Persona(codF, nome, cognome, password, salt, nascita, citta, sesso, email, vive_id_ssp) VALUES ('SHTRBN15A26H018K','Reuben','Shott','77da54c3ec6c736c7df8296918120f3f0150c894b41a88ceb52e4b638a20490c','26585d829625edf697733bd2ae21a7c2140265534cfe07f45aa99a23a78fb5eb','1994-04-08','Ancona',False,'Reuben.Shott@gmail.com',39);
INSERT INTO Persona(codF, nome, cognome, password, salt, nascita, citta, sesso, email, vive_id_ssp) VALUES ('GLDWNN53D24L736M','Winnie','Gauldin','636d8640464a0707bb1998b4c35852821a0d4f340cb3265ffccc31ffc5bdc966','ddcad570a319017cd4dd1f656a3c9072280958821fbff965acfbe7d2c0871329','2017-07-19','Trento',False,'Winnie.Gauldin@gmail.com',70);
INSERT INTO Persona(codF, nome, cognome, password, salt, nascita, citta, sesso, email, vive_id_ssp) VALUES ('LNDCMN39R47H018A','Carmina','Lundquist','055c466a98ed75101fbcba858af0f7519e614e2a0f3ff8a4ddbeb947f8b18c73','2872e150227c262465152879808e532b9fe1f51948ea8f3b4a77458e8170877c','1991-08-13','Siracusa',True,'Carmina.Lundquist@gmail.com',55);
INSERT INTO Persona(codF, nome, cognome, password, salt, nascita, citta, sesso, email, vive_id_ssp) VALUES ('SNMTMK71T47A271Z','Tomiko','Eisenmann','f2cb6fb1938f9af2ee89c0810bfc7fd454886440ce313bba458c248672a2e77d','2378bca99c12b0b5ce56bc586b6ddd5ddd7627bbe1243c133a5e1a8fcfdb8678','2017-04-19','Ancona',False,'Tomiko.Eisenmann@gmail.com',48);
INSERT INTO foto(id_persona,data,path,nome,scelta) VALUES ('WNOSHN70B22I754B','2019-06-29','/stylegan-master/foto_database/1m_faces_sample/','1', 'True');
INSERT INTO foto(id_persona,data,path,nome,scelta) VALUES ('WTKCRG49T20E506W','2019-03-15','/stylegan-master/foto_database/1m_faces_sample/','2', 'True');
INSERT INTO foto(id_persona,data,path,nome,scelta) VALUES ('PFNJSH39A02B354W','2017-06-29','/stylegan-master/foto_database/1m_faces_sample/','3', 'True');
INSERT INTO foto(id_persona,data,path,nome,scelta) VALUES ('DNWLHW52C64A390O','2017-09-05','/stylegan-master/foto_database/1m_faces_sample/','4', 'True');
INSERT INTO foto(id_persona,data,path,nome,scelta) VALUES ('WRNCST48B59A285F','2018-04-28','/stylegan-master/foto_database/1m_faces_sample/','5', 'True');
INSERT INTO foto(id_persona,data,path,nome,scelta) VALUES ('RNNGNY95R55A390E','2019-09-02','/stylegan-master/foto_database/1m_faces_sample/','6', 'True');
INSERT INTO foto(id_persona,data,path,nome,scelta) VALUES ('GLLVRE66T56I754B','2019-12-07','/stylegan-master/foto_database/1m_faces_sample/','7', 'True');
INSERT INTO foto(id_persona,data,path,nome,scelta) VALUES ('FSADDA18M24H294F','2019-03-16','/stylegan-master/foto_database/1m_faces_sample/','8', 'True');
INSERT INTO foto(id_persona,data,path,nome,scelta) VALUES ('BSCSKU32H20A944W','2018-09-20','/stylegan-master/foto_database/1m_faces_sample/','9', 'True');
INSERT INTO foto(id_persona,data,path,nome,scelta) VALUES ('JQNBBR92B56L117R','2017-04-25','/stylegan-master/foto_database/1m_faces_sample/','10', 'True');
INSERT INTO foto(id_persona,data,path,nome,scelta) VALUES ('MKCLNT98M45E625Z','2019-10-26','/stylegan-master/foto_database/1m_faces_sample/','11', 'True');
INSERT INTO foto(id_persona,data,path,nome,scelta) VALUES ('SGDDMR77L60L736O','2019-06-09','/stylegan-master/foto_database/1m_faces_sample/','12', 'True');
INSERT INTO foto(id_persona,data,path,nome,scelta) VALUES ('DMMSNN39P60A390B','2017-06-22','/stylegan-master/foto_database/1m_faces_sample/','13', 'True');
INSERT INTO foto(id_persona,data,path,nome,scelta) VALUES ('WLSSPH35C43G478M','2018-03-29','/stylegan-master/foto_database/1m_faces_sample/','14', 'True');
INSERT INTO foto(id_persona,data,path,nome,scelta) VALUES ('VRLTNN73R50F205K','2017-11-25','/stylegan-master/foto_database/1m_faces_sample/','15', 'True');
INSERT INTO foto(id_persona,data,path,nome,scelta) VALUES ('LTHMRN58R54A271Y','2017-11-15','/stylegan-master/foto_database/1m_faces_sample/','16', 'True');
INSERT INTO foto(id_persona,data,path,nome,scelta) VALUES ('DHMLYN56P05L483U','2018-04-07','/stylegan-master/foto_database/1m_faces_sample/','17', 'True');
INSERT INTO foto(id_persona,data,path,nome,scelta) VALUES ('CLLCSL66P15I754S','2018-09-29','/stylegan-master/foto_database/1m_faces_sample/','18', 'True');
INSERT INTO foto(id_persona,data,path,nome,scelta) VALUES ('GBLMLS49T56A952H','2017-04-01','/stylegan-master/foto_database/1m_faces_sample/','19', 'True');
INSERT INTO foto(id_persona,data,path,nome,scelta) VALUES ('MCNSRY97B44E472A','2017-03-30','/stylegan-master/foto_database/1m_faces_sample/','20', 'True');
INSERT INTO foto(id_persona,data,path,nome,scelta) VALUES ('BRYLWN05P02F704C','2018-01-26','/stylegan-master/foto_database/1m_faces_sample/','21', 'True');
INSERT INTO foto(id_persona,data,path,nome,scelta) VALUES ('GRNLRN37P68H199H','2017-05-18','/stylegan-master/foto_database/1m_faces_sample/','22', 'True');
INSERT INTO foto(id_persona,data,path,nome,scelta) VALUES ('BFFGTH35H45F839J','2017-11-04','/stylegan-master/foto_database/1m_faces_sample/','23', 'True');
INSERT INTO foto(id_persona,data,path,nome,scelta) VALUES ('MSSLSI02L55H294E','2018-10-25','/stylegan-master/foto_database/1m_faces_sample/','24', 'True');
INSERT INTO foto(id_persona,data,path,nome,scelta) VALUES ('BRRCTR59L23A944X','2018-01-08','/stylegan-master/foto_database/1m_faces_sample/','25', 'True');
INSERT INTO foto(id_persona,data,path,nome,scelta) VALUES ('KNCDEI38M15D612H','2018-09-23','/stylegan-master/foto_database/1m_faces_sample/','26', 'True');
INSERT INTO foto(id_persona,data,path,nome,scelta) VALUES ('WHLJMM16T04H294B','2019-03-21','/stylegan-master/foto_database/1m_faces_sample/','27', 'True');
INSERT INTO foto(id_persona,data,path,nome,scelta) VALUES ('STRMLY40R68E625Z','2017-03-09','/stylegan-master/foto_database/1m_faces_sample/','28', 'True');
INSERT INTO foto(id_persona,data,path,nome,scelta) VALUES ('DFFGTR01E41C351N','2018-11-29','/stylegan-master/foto_database/1m_faces_sample/','29', 'True');
INSERT INTO foto(id_persona,data,path,nome,scelta) VALUES ('TCHSRN68L30I452A','2018-03-27','/stylegan-master/foto_database/1m_faces_sample/','30', 'True');
INSERT INTO foto(id_persona,data,path,nome,scelta) VALUES ('LZLPGE98L18G482S','2019-04-04','/stylegan-master/foto_database/1m_faces_sample/','31', 'True');
INSERT INTO foto(id_persona,data,path,nome,scelta) VALUES ('CYLSWN76D60A952Y','2018-03-19','/stylegan-master/foto_database/1m_faces_sample/','32', 'True');
INSERT INTO foto(id_persona,data,path,nome,scelta) VALUES ('CRMTTH28C64A285J','2017-01-22','/stylegan-master/foto_database/1m_faces_sample/','33', 'True');
INSERT INTO foto(id_persona,data,path,nome,scelta) VALUES ('SNDMDE91P66F952H','2017-12-24','/stylegan-master/foto_database/1m_faces_sample/','34', 'True');
INSERT INTO foto(id_persona,data,path,nome,scelta) VALUES ('MCHNRD18M67E472F','2019-07-06','/stylegan-master/foto_database/1m_faces_sample/','35', 'True');
INSERT INTO foto(id_persona,data,path,nome,scelta) VALUES ('NEULPU14D09H294G','2019-09-15','/stylegan-master/foto_database/1m_faces_sample/','36', 'True');
INSERT INTO foto(id_persona,data,path,nome,scelta) VALUES ('PTTCST16C19F839U','2019-03-04','/stylegan-master/foto_database/1m_faces_sample/','37', 'True');
INSERT INTO foto(id_persona,data,path,nome,scelta) VALUES ('NNOTNO53M05G999T','2018-10-02','/stylegan-master/foto_database/1m_faces_sample/','38', 'True');
INSERT INTO foto(id_persona,data,path,nome,scelta) VALUES ('CDODTT60E08F205R','2019-05-23','/stylegan-master/foto_database/1m_faces_sample/','39', 'True');
INSERT INTO foto(id_persona,data,path,nome,scelta) VALUES ('CRTFLC16B24I754Z','2019-01-27','/stylegan-master/foto_database/1m_faces_sample/','40', 'True');
INSERT INTO foto(id_persona,data,path,nome,scelta) VALUES ('SKNDRN90D70A271K','2017-02-10','/stylegan-master/foto_database/1m_faces_sample/','41', 'True');
INSERT INTO foto(id_persona,data,path,nome,scelta) VALUES ('CDYMAE48C70D643E','2017-01-09','/stylegan-master/foto_database/1m_faces_sample/','42', 'True');
INSERT INTO foto(id_persona,data,path,nome,scelta) VALUES ('VHLKMI82E56C351R','2017-02-03','/stylegan-master/foto_database/1m_faces_sample/','43', 'True');
INSERT INTO foto(id_persona,data,path,nome,scelta) VALUES ('LBRGGN44S54F952S','2019-05-04','/stylegan-master/foto_database/1m_faces_sample/','44', 'True');
INSERT INTO foto(id_persona,data,path,nome,scelta) VALUES ('BRKDLC83C54H199C','2019-06-07','/stylegan-master/foto_database/1m_faces_sample/','45', 'True');
INSERT INTO foto(id_persona,data,path,nome,scelta) VALUES ('SRCSLN16P53G535V','2019-05-07','/stylegan-master/foto_database/1m_faces_sample/','46', 'True');
INSERT INTO foto(id_persona,data,path,nome,scelta) VALUES ('HSLBRN00P41G337Y','2017-09-26','/stylegan-master/foto_database/1m_faces_sample/','47', 'True');
INSERT INTO foto(id_persona,data,path,nome,scelta) VALUES ('ZNKDND14H43H703X','2017-11-15','/stylegan-master/foto_database/1m_faces_sample/','48', 'True');
INSERT INTO foto(id_persona,data,path,nome,scelta) VALUES ('MZRVVT11M18G535T','2018-10-03','/stylegan-master/foto_database/1m_faces_sample/','49', 'True');
INSERT INTO foto(id_persona,data,path,nome,scelta) VALUES ('ZGRKSH76T44A944U','2017-09-14','/stylegan-master/foto_database/1m_faces_sample/','50', 'True');
INSERT INTO foto(id_persona,data,path,nome,scelta) VALUES ('PLRFRD55R12D643V','2019-11-19','/stylegan-master/foto_database/1m_faces_sample/','51', 'True');
INSERT INTO foto(id_persona,data,path,nome,scelta) VALUES ('PLNBEA25D60F952A','2019-09-20','/stylegan-master/foto_database/1m_faces_sample/','52', 'True');
INSERT INTO foto(id_persona,data,path,nome,scelta) VALUES ('DLBGGN98C42F704W','2017-05-07','/stylegan-master/foto_database/1m_faces_sample/','53', 'True');
INSERT INTO foto(id_persona,data,path,nome,scelta) VALUES ('CHPMRV39T43H018V','2017-10-16','/stylegan-master/foto_database/1m_faces_sample/','54', 'True');
INSERT INTO foto(id_persona,data,path,nome,scelta) VALUES ('SDGDSR11P26D643I','2018-01-21','/stylegan-master/foto_database/1m_faces_sample/','55', 'True');
INSERT INTO foto(id_persona,data,path,nome,scelta) VALUES ('SHCLNN49C50H199E','2018-07-20','/stylegan-master/foto_database/1m_faces_sample/','56', 'True');
INSERT INTO foto(id_persona,data,path,nome,scelta) VALUES ('CMNSRL85A45F158P','2019-12-03','/stylegan-master/foto_database/1m_faces_sample/','57', 'True');
INSERT INTO foto(id_persona,data,path,nome,scelta) VALUES ('CLLJNY48L53C573F','2017-11-30','/stylegan-master/foto_database/1m_faces_sample/','58', 'True');
INSERT INTO foto(id_persona,data,path,nome,scelta) VALUES ('TRSZLL64M42D612X','2018-07-02','/stylegan-master/foto_database/1m_faces_sample/','59', 'True');
INSERT INTO foto(id_persona,data,path,nome,scelta) VALUES ('SHPPRN92S69H018S','2018-03-27','/stylegan-master/foto_database/1m_faces_sample/','60', 'True');
INSERT INTO foto(id_persona,data,path,nome,scelta) VALUES ('VCKLND99S61A794B','2018-11-08','/stylegan-master/foto_database/1m_faces_sample/','61', 'True');
INSERT INTO foto(id_persona,data,path,nome,scelta) VALUES ('KNSKVN32H10E054D','2019-01-24','/stylegan-master/foto_database/1m_faces_sample/','62', 'True');
INSERT INTO foto(id_persona,data,path,nome,scelta) VALUES ('LFRMYL51D65A952F','2019-01-01','/stylegan-master/foto_database/1m_faces_sample/','63', 'True');
INSERT INTO foto(id_persona,data,path,nome,scelta) VALUES ('CLCMLY49B67A271K','2017-01-08','/stylegan-master/foto_database/1m_faces_sample/','64', 'True');
INSERT INTO foto(id_persona,data,path,nome,scelta) VALUES ('BRGSRN46B57D612C','2018-01-30','/stylegan-master/foto_database/1m_faces_sample/','65', 'True');
INSERT INTO foto(id_persona,data,path,nome,scelta) VALUES ('FRRMLN99B67L049B','2019-04-17','/stylegan-master/foto_database/1m_faces_sample/','66', 'True');
INSERT INTO foto(id_persona,data,path,nome,scelta) VALUES ('BSQDPH23M50G224N','2017-06-24','/stylegan-master/foto_database/1m_faces_sample/','67', 'True');
INSERT INTO foto(id_persona,data,path,nome,scelta) VALUES ('JLNSRY27L57F205H','2018-10-12','/stylegan-master/foto_database/1m_faces_sample/','68', 'True');
INSERT INTO foto(id_persona,data,path,nome,scelta) VALUES ('DGGKCY43A63F158S','2017-05-05','/stylegan-master/foto_database/1m_faces_sample/','69', 'True');
INSERT INTO foto(id_persona,data,path,nome,scelta) VALUES ('CCOPHL05L62A952J','2018-02-26','/stylegan-master/foto_database/1m_faces_sample/','70', 'True');
INSERT INTO foto(id_persona,data,path,nome,scelta) VALUES ('SPKMNL56D43L049Q','2019-08-07','/stylegan-master/foto_database/1m_faces_sample/','71', 'True');
INSERT INTO foto(id_persona,data,path,nome,scelta) VALUES ('BLSNKL96E43F839O','2019-09-03','/stylegan-master/foto_database/1m_faces_sample/','72', 'True');
INSERT INTO foto(id_persona,data,path,nome,scelta) VALUES ('MRRJLY71L06I754A','2019-10-11','/stylegan-master/foto_database/1m_faces_sample/','73', 'True');
INSERT INTO foto(id_persona,data,path,nome,scelta) VALUES ('GBBJYO33H27L049Q','2017-11-03','/stylegan-master/foto_database/1m_faces_sample/','74', 'True');
INSERT INTO foto(id_persona,data,path,nome,scelta) VALUES ('JWRNNC84E59H018Q','2018-10-08','/stylegan-master/foto_database/1m_faces_sample/','75', 'True');
INSERT INTO foto(id_persona,data,path,nome,scelta) VALUES ('BRMDLC18M57I452P','2018-01-09','/stylegan-master/foto_database/1m_faces_sample/','76', 'True');
INSERT INTO foto(id_persona,data,path,nome,scelta) VALUES ('MRNFND60C68C573B','2017-08-03','/stylegan-master/foto_database/1m_faces_sample/','77', 'True');
INSERT INTO foto(id_persona,data,path,nome,scelta) VALUES ('CGLGLN56M25L219Y','2018-03-13','/stylegan-master/foto_database/1m_faces_sample/','78', 'True');
INSERT INTO foto(id_persona,data,path,nome,scelta) VALUES ('WDLKZY17H42A271B','2019-11-27','/stylegan-master/foto_database/1m_faces_sample/','79', 'True');
INSERT INTO foto(id_persona,data,path,nome,scelta) VALUES ('PTNTSH44L51L736S','2019-10-31','/stylegan-master/foto_database/1m_faces_sample/','80', 'True');
INSERT INTO foto(id_persona,data,path,nome,scelta) VALUES ('KCHRBC71B47F205Y','2017-11-06','/stylegan-master/foto_database/1m_faces_sample/','81', 'True');
INSERT INTO foto(id_persona,data,path,nome,scelta) VALUES ('BLZVCN99H49L736J','2018-07-03','/stylegan-master/foto_database/1m_faces_sample/','82', 'True');
INSERT INTO foto(id_persona,data,path,nome,scelta) VALUES ('STNHNY15S53L219N','2019-03-16','/stylegan-master/foto_database/1m_faces_sample/','83', 'True');
INSERT INTO foto(id_persona,data,path,nome,scelta) VALUES ('RTZLRS07S19D643C','2019-05-02','/stylegan-master/foto_database/1m_faces_sample/','84', 'True');
INSERT INTO foto(id_persona,data,path,nome,scelta) VALUES ('RSNDDR13S04D643W','2017-11-24','/stylegan-master/foto_database/1m_faces_sample/','85', 'True');
INSERT INTO foto(id_persona,data,path,nome,scelta) VALUES ('LCNSNG82H16I452V','2017-03-11','/stylegan-master/foto_database/1m_faces_sample/','86', 'True');
INSERT INTO foto(id_persona,data,path,nome,scelta) VALUES ('LSUNCK20B20A952B','2018-02-18','/stylegan-master/foto_database/1m_faces_sample/','87', 'True');
INSERT INTO foto(id_persona,data,path,nome,scelta) VALUES ('CPNLRS70M05L736P','2018-10-16','/stylegan-master/foto_database/1m_faces_sample/','88', 'True');
INSERT INTO foto(id_persona,data,path,nome,scelta) VALUES ('HBRMDT70D04H018V','2017-04-20','/stylegan-master/foto_database/1m_faces_sample/','89', 'True');
INSERT INTO foto(id_persona,data,path,nome,scelta) VALUES ('MNSTNK42M26D548V','2017-06-27','/stylegan-master/foto_database/1m_faces_sample/','90', 'True');
INSERT INTO foto(id_persona,data,path,nome,scelta) VALUES ('MSSSRT29M66H294U','2019-09-05','/stylegan-master/foto_database/1m_faces_sample/','91', 'True');
INSERT INTO foto(id_persona,data,path,nome,scelta) VALUES ('HMNNTR02A61H018B','2019-05-18','/stylegan-master/foto_database/1m_faces_sample/','92', 'True');
INSERT INTO foto(id_persona,data,path,nome,scelta) VALUES ('MNTLGU31R21A952K','2019-07-08','/stylegan-master/foto_database/1m_faces_sample/','93', 'True');
INSERT INTO foto(id_persona,data,path,nome,scelta) VALUES ('GSSYKK73C52A944U','2017-07-08','/stylegan-master/foto_database/1m_faces_sample/','94', 'True');
INSERT INTO foto(id_persona,data,path,nome,scelta) VALUES ('RKWLDR51S05B354G','2017-10-03','/stylegan-master/foto_database/1m_faces_sample/','95', 'True');
INSERT INTO foto(id_persona,data,path,nome,scelta) VALUES ('WTKSLN15A66L736V','2018-08-21','/stylegan-master/foto_database/1m_faces_sample/','96', 'True');
INSERT INTO foto(id_persona,data,path,nome,scelta) VALUES ('SHTRBN15A26H018K','2019-07-20','/stylegan-master/foto_database/1m_faces_sample/','97', 'True');
INSERT INTO foto(id_persona,data,path,nome,scelta) VALUES ('GLDWNN53D24L736M','2019-08-05','/stylegan-master/foto_database/1m_faces_sample/','98', 'True');
INSERT INTO foto(id_persona,data,path,nome,scelta) VALUES ('LNDCMN39R47H018A','2018-09-24','/stylegan-master/foto_database/1m_faces_sample/','99', 'True');
INSERT INTO foto(id_persona,data,path,nome,scelta) VALUES ('SNMTMK71T47A271Z','2017-05-02','/stylegan-master/foto_database/1m_faces_sample/','100', 'True');
insert into medicobase(codF, lavora_id_ssp) values('WNOSHN70B22I754B', 98);
insert into medicobase(codF, lavora_id_ssp) values('DHMLYN56P05L483U', 82);
insert into medicobase(codF, lavora_id_ssp) values('KNCDEI38M15D612H', 34);
insert into medicobase(codF, lavora_id_ssp) values('MSSLSI02L55H294E', 15);
insert into medicobase(codF, lavora_id_ssp) values('WTKSLN15A66L736V', 103);
insert into medicobase(codF, lavora_id_ssp) values('BRYLWN05P02F704C', 90);
insert into medicobase(codF, lavora_id_ssp) values('CYLSWN76D60A952Y', 2);
INSERT INTO esame(nome) VALUES ('Estrazione di dente deciduo');
INSERT INTO esame(nome) VALUES ('Estrazione di dente permanente');
INSERT INTO esame(nome) VALUES ('Altra estrazione chirurgica dente');
INSERT INTO esame(nome) VALUES ('Ricostruzione dente con otturazione');
INSERT INTO esame(nome) VALUES ('Ricostruzione dente mediante intarsio');
INSERT INTO esame(nome) VALUES ('Applicazione di corona');
INSERT INTO esame(nome) VALUES ('Applicazione di corona in lega aurea');
INSERT INTO esame(nome) VALUES ('Altra applicazione corona');
INSERT INTO esame(nome) VALUES ('Applicazione corona e perno');
INSERT INTO esame(nome) VALUES ('Altra applicazione corona e perno');
INSERT INTO esame(nome) VALUES ('Inserzione di ponte fisso');
INSERT INTO esame(nome) VALUES ('Inserzione di protesi rimovibile');
INSERT INTO esame(nome) VALUES ('Altra inserzione di protesi');
INSERT INTO esame(nome) VALUES ('Inserzione di protesi provvisoria');
INSERT INTO esame(nome) VALUES ('Altra riparazione dentaria');
INSERT INTO esame(nome) VALUES ('Impianto di dente');
INSERT INTO esame(nome) VALUES ('Impianto di protesi dentaria');
INSERT INTO esame(nome) VALUES ('Terapia canalare in monoradicolato');
INSERT INTO esame(nome) VALUES ('Terapia canalare in pluriradicolato');
INSERT INTO esame(nome) VALUES ('Apicectomia');
INSERT INTO esame(nome) VALUES ('Interventi su denti, gengive e alveoli');
INSERT INTO esame(nome) VALUES ('Gengivoplastica');
INSERT INTO esame(nome) VALUES ('Asportazione di tessuto della gengiva');
INSERT INTO esame(nome) VALUES ('Levigatura delle radici');
INSERT INTO esame(nome) VALUES ('Intervento chirurgico preprotesico');
INSERT INTO esame(nome) VALUES ('Trattamento con apparecchi fissi');
INSERT INTO esame(nome) VALUES ('Trattamento con apparecchi funzionali');
INSERT INTO esame(nome) VALUES ('Riparazione di apparecchio ortodontico');
INSERT INTO esame(nome) VALUES ('Radiologia diagnostica');
INSERT INTO esame(nome) VALUES ('Tomografia computerizzata del rachide');
INSERT INTO esame(nome) VALUES ('Tomografia computerizzata con contrasto');
INSERT INTO esame(nome) VALUES ('Densitometria ossera');
INSERT INTO esame(nome) VALUES ('Test resistenza proteina C ');
INSERT INTO esame(nome) VALUES ('ipizzazione genomica ');
INSERT INTO esame(nome) VALUES ('ipizzazione genomica HLA – B ');
INSERT INTO esame(nome) VALUES ('ipizzazione genomica HLA – C ');
INSERT INTO esame(nome) VALUES ('Tipizzazione sierologica HLA classe I');
INSERT INTO esame(nome) VALUES ('Tipizzazione sierologica HLA classe II');
INSERT INTO esame(nome) VALUES ('Analisi DNA e ibridazione con sonda');
INSERT INTO esame(nome) VALUES ('Analisi DNA per polimorfismo');
INSERT INTO esame(nome) VALUES ('Analisi di polimorfismi');
INSERT INTO esame(nome) VALUES ('Analisi di segmenti di DNA');
INSERT INTO esame(nome) VALUES ('Digestione DNA con enzimi');
INSERT INTO esame(nome) VALUES ('Estrazione DNA o RNA');
INSERT INTO esame(nome) VALUES ('Ibridazione con sonda molecolare');
INSERT INTO esame(nome) VALUES ('Ibridazione in SITU');
INSERT INTO esame(nome) VALUES ('Ricerca Mutazione');
INSERT INTO esame(nome) VALUES ('Analisi DNA studio citometrico');
INSERT INTO esame(nome) VALUES ('Tomoscintigrafia Cerebrale');
INSERT INTO esame(nome) VALUES ('Radioterapia stereotassica');
INSERT INTO esame(nome) VALUES ('Irradiazione cutanea');
INSERT INTO esame(nome) VALUES ('Tomoscintigrafia globale');
INSERT INTO esame(nome) VALUES ('Irradiazione cutanea');
INSERT INTO esame(nome) VALUES ('Terapia del dolore da metastasi ossee');
INSERT INTO esame(nome) VALUES ('Ablazione tartaro');
INSERT INTO esame(nome) VALUES ('Sigillatura solchi e fossette');
INSERT INTO esame(nome) VALUES ('Rimozione protesi dentarie');
INSERT INTO esame(nome) VALUES ('Immunizzazione allergia');
INSERT INTO esame(nome) VALUES ('Immunizzazione malattia autoimmune');
INSERT INTO esame(nome) VALUES ('Terapia luce ultraviolett');
insert into medicospec(codF) values('MSSLSI02L55H294E');
insert into medicospec(codF) values('ZNKDND14H43H703X');
insert into medicospec(codF) values('MZRVVT11M18G535T');
insert into medicospec(codF) values('RTZLRS07S19D643C');
insert into medicospec(codF) values('MNSTNK42M26D548V');
INSERT INTO cartellaclinicapermb(datainizio,datafine,id_medicobase,id_persona,vistomedicobase) VALUES ('1945-02-28', NULL,'WNOSHN70B22I754B','WNOSHN70B22I754B', 'True');
INSERT INTO cartellaclinicapermb(datainizio,datafine,id_medicobase,id_persona,vistomedicobase) VALUES ('1957-11-25', NULL,'DHMLYN56P05L483U','WTKCRG49T20E506W', 'True');
INSERT INTO cartellaclinicapermb(datainizio,datafine,id_medicobase,id_persona,vistomedicobase) VALUES ('2005-05-30', NULL,'KNCDEI38M15D612H','PFNJSH39A02B354W', 'True');
INSERT INTO cartellaclinicapermb(datainizio,datafine,id_medicobase,id_persona,vistomedicobase) VALUES ('1949-03-08', NULL,'DHMLYN56P05L483U','DNWLHW52C64A390O', 'True');
INSERT INTO cartellaclinicapermb(datainizio,datafine,id_medicobase,id_persona,vistomedicobase) VALUES ('1983-03-30', NULL,'WTKSLN15A66L736V','WRNCST48B59A285F', 'True');
INSERT INTO cartellaclinicapermb(datainizio,datafine,id_medicobase,id_persona,vistomedicobase) VALUES ('1996-08-13', NULL,'MSSLSI02L55H294E','RNNGNY95R55A390E', 'True');
INSERT INTO cartellaclinicapermb(datainizio,datafine,id_medicobase,id_persona,vistomedicobase) VALUES ('1953-03-23', NULL,'KNCDEI38M15D612H','GLLVRE66T56I754B', 'True');
INSERT INTO cartellaclinicapermb(datainizio,datafine,id_medicobase,id_persona,vistomedicobase) VALUES ('1930-03-15', NULL,'WTKSLN15A66L736V','FSADDA18M24H294F', 'True');
INSERT INTO cartellaclinicapermb(datainizio,datafine,id_medicobase,id_persona,vistomedicobase) VALUES ('1998-08-31', NULL,'CYLSWN76D60A952Y','BSCSKU32H20A944W', 'True');
INSERT INTO cartellaclinicapermb(datainizio,datafine,id_medicobase,id_persona,vistomedicobase) VALUES ('1944-04-18', NULL,'WTKSLN15A66L736V','JQNBBR92B56L117R', 'True');
INSERT INTO cartellaclinicapermb(datainizio,datafine,id_medicobase,id_persona,vistomedicobase) VALUES ('1985-04-02', NULL,'BRYLWN05P02F704C','MKCLNT98M45E625Z', 'True');
INSERT INTO cartellaclinicapermb(datainizio,datafine,id_medicobase,id_persona,vistomedicobase) VALUES ('1951-08-15', NULL,'WTKSLN15A66L736V','SGDDMR77L60L736O', 'True');
INSERT INTO cartellaclinicapermb(datainizio,datafine,id_medicobase,id_persona,vistomedicobase) VALUES ('1918-06-25', NULL,'BRYLWN05P02F704C','DMMSNN39P60A390B', 'True');
INSERT INTO cartellaclinicapermb(datainizio,datafine,id_medicobase,id_persona,vistomedicobase) VALUES ('1946-04-05', NULL,'WTKSLN15A66L736V','WLSSPH35C43G478M', 'True');
INSERT INTO cartellaclinicapermb(datainizio,datafine,id_medicobase,id_persona,vistomedicobase) VALUES ('1916-02-11', NULL,'CYLSWN76D60A952Y','VRLTNN73R50F205K', 'True');
INSERT INTO cartellaclinicapermb(datainizio,datafine,id_medicobase,id_persona,vistomedicobase) VALUES ('1985-06-03', NULL,'WTKSLN15A66L736V','LTHMRN58R54A271Y', 'True');
INSERT INTO cartellaclinicapermb(datainizio,datafine,id_medicobase,id_persona,vistomedicobase) VALUES ('1917-09-02', NULL,'DHMLYN56P05L483U','DHMLYN56P05L483U', 'True');
INSERT INTO cartellaclinicapermb(datainizio,datafine,id_medicobase,id_persona,vistomedicobase) VALUES ('1998-11-23', NULL,'BRYLWN05P02F704C','CLLCSL66P15I754S', 'True');
INSERT INTO cartellaclinicapermb(datainizio,datafine,id_medicobase,id_persona,vistomedicobase) VALUES ('1981-04-24', NULL,'KNCDEI38M15D612H','GBLMLS49T56A952H', 'True');
INSERT INTO cartellaclinicapermb(datainizio,datafine,id_medicobase,id_persona,vistomedicobase) VALUES ('1931-03-20', NULL,'DHMLYN56P05L483U','MCNSRY97B44E472A', 'True');
INSERT INTO cartellaclinicapermb(datainizio,datafine,id_medicobase,id_persona,vistomedicobase) VALUES ('1921-04-24', NULL,'BRYLWN05P02F704C','BRYLWN05P02F704C', 'True');
INSERT INTO cartellaclinicapermb(datainizio,datafine,id_medicobase,id_persona,vistomedicobase) VALUES ('1976-12-15', NULL,'MSSLSI02L55H294E','GRNLRN37P68H199H', 'True');
INSERT INTO cartellaclinicapermb(datainizio,datafine,id_medicobase,id_persona,vistomedicobase) VALUES ('1989-07-26', NULL,'WNOSHN70B22I754B','BFFGTH35H45F839J', 'True');
INSERT INTO cartellaclinicapermb(datainizio,datafine,id_medicobase,id_persona,vistomedicobase) VALUES ('1928-05-19', NULL,'MSSLSI02L55H294E','MSSLSI02L55H294E', 'True');
INSERT INTO cartellaclinicapermb(datainizio,datafine,id_medicobase,id_persona,vistomedicobase) VALUES ('2014-11-06', NULL,'WTKSLN15A66L736V','BRRCTR59L23A944X', 'True');
INSERT INTO cartellaclinicapermb(datainizio,datafine,id_medicobase,id_persona,vistomedicobase) VALUES ('1948-07-18', NULL,'KNCDEI38M15D612H','KNCDEI38M15D612H', 'True');
INSERT INTO cartellaclinicapermb(datainizio,datafine,id_medicobase,id_persona,vistomedicobase) VALUES ('1951-01-18', NULL,'MSSLSI02L55H294E','WHLJMM16T04H294B', 'True');
INSERT INTO cartellaclinicapermb(datainizio,datafine,id_medicobase,id_persona,vistomedicobase) VALUES ('1943-12-04', NULL,'KNCDEI38M15D612H','STRMLY40R68E625Z', 'True');
INSERT INTO cartellaclinicapermb(datainizio,datafine,id_medicobase,id_persona,vistomedicobase) VALUES ('1959-01-30', NULL,'BRYLWN05P02F704C','DFFGTR01E41C351N', 'True');
INSERT INTO cartellaclinicapermb(datainizio,datafine,id_medicobase,id_persona,vistomedicobase) VALUES ('1961-07-18', NULL,'MSSLSI02L55H294E','TCHSRN68L30I452A', 'True');
INSERT INTO cartellaclinicapermb(datainizio,datafine,id_medicobase,id_persona,vistomedicobase) VALUES ('2019-11-03', NULL,'CYLSWN76D60A952Y','LZLPGE98L18G482S', 'True');
INSERT INTO cartellaclinicapermb(datainizio,datafine,id_medicobase,id_persona,vistomedicobase) VALUES ('1992-10-01', NULL,'CYLSWN76D60A952Y','CYLSWN76D60A952Y', 'True');
INSERT INTO cartellaclinicapermb(datainizio,datafine,id_medicobase,id_persona,vistomedicobase) VALUES ('1921-06-09', NULL,'CYLSWN76D60A952Y','CRMTTH28C64A285J', 'True');
INSERT INTO cartellaclinicapermb(datainizio,datafine,id_medicobase,id_persona,vistomedicobase) VALUES ('1934-01-21', NULL,'WTKSLN15A66L736V','SNDMDE91P66F952H', 'True');
INSERT INTO cartellaclinicapermb(datainizio,datafine,id_medicobase,id_persona,vistomedicobase) VALUES ('1938-03-25', NULL,'WTKSLN15A66L736V','MCHNRD18M67E472F', 'True');
INSERT INTO cartellaclinicapermb(datainizio,datafine,id_medicobase,id_persona,vistomedicobase) VALUES ('2006-10-02', NULL,'WNOSHN70B22I754B','NEULPU14D09H294G', 'True');
INSERT INTO cartellaclinicapermb(datainizio,datafine,id_medicobase,id_persona,vistomedicobase) VALUES ('1965-10-06', NULL,'BRYLWN05P02F704C','PTTCST16C19F839U', 'True');
INSERT INTO cartellaclinicapermb(datainizio,datafine,id_medicobase,id_persona,vistomedicobase) VALUES ('1933-08-17', NULL,'CYLSWN76D60A952Y','NNOTNO53M05G999T', 'True');
INSERT INTO cartellaclinicapermb(datainizio,datafine,id_medicobase,id_persona,vistomedicobase) VALUES ('1919-11-20', NULL,'CYLSWN76D60A952Y','CDODTT60E08F205R', 'True');
INSERT INTO cartellaclinicapermb(datainizio,datafine,id_medicobase,id_persona,vistomedicobase) VALUES ('1914-09-18', NULL,'WNOSHN70B22I754B','CRTFLC16B24I754Z', 'True');
INSERT INTO cartellaclinicapermb(datainizio,datafine,id_medicobase,id_persona,vistomedicobase) VALUES ('2013-11-12', NULL,'BRYLWN05P02F704C','SKNDRN90D70A271K', 'True');
INSERT INTO cartellaclinicapermb(datainizio,datafine,id_medicobase,id_persona,vistomedicobase) VALUES ('1955-05-25', NULL,'CYLSWN76D60A952Y','CDYMAE48C70D643E', 'True');
INSERT INTO cartellaclinicapermb(datainizio,datafine,id_medicobase,id_persona,vistomedicobase) VALUES ('1968-05-01', NULL,'DHMLYN56P05L483U','VHLKMI82E56C351R', 'True');
INSERT INTO cartellaclinicapermb(datainizio,datafine,id_medicobase,id_persona,vistomedicobase) VALUES ('1936-09-03', NULL,'BRYLWN05P02F704C','LBRGGN44S54F952S', 'True');
INSERT INTO cartellaclinicapermb(datainizio,datafine,id_medicobase,id_persona,vistomedicobase) VALUES ('2003-09-13', NULL,'MSSLSI02L55H294E','BRKDLC83C54H199C', 'True');
INSERT INTO cartellaclinicapermb(datainizio,datafine,id_medicobase,id_persona,vistomedicobase) VALUES ('1990-12-15', NULL,'MSSLSI02L55H294E','SRCSLN16P53G535V', 'True');
INSERT INTO cartellaclinicapermb(datainizio,datafine,id_medicobase,id_persona,vistomedicobase) VALUES ('1950-09-03', NULL,'BRYLWN05P02F704C','HSLBRN00P41G337Y', 'True');
INSERT INTO cartellaclinicapermb(datainizio,datafine,id_medicobase,id_persona,vistomedicobase) VALUES ('1958-07-09', NULL,'MSSLSI02L55H294E','ZNKDND14H43H703X', 'True');
INSERT INTO cartellaclinicapermb(datainizio,datafine,id_medicobase,id_persona,vistomedicobase) VALUES ('1951-01-07', NULL,'DHMLYN56P05L483U','MZRVVT11M18G535T', 'True');
INSERT INTO cartellaclinicapermb(datainizio,datafine,id_medicobase,id_persona,vistomedicobase) VALUES ('1943-11-27', NULL,'CYLSWN76D60A952Y','ZGRKSH76T44A944U', 'True');
INSERT INTO cartellaclinicapermb(datainizio,datafine,id_medicobase,id_persona,vistomedicobase) VALUES ('2018-11-06', NULL,'MSSLSI02L55H294E','PLRFRD55R12D643V', 'True');
INSERT INTO cartellaclinicapermb(datainizio,datafine,id_medicobase,id_persona,vistomedicobase) VALUES ('1916-03-14', NULL,'MSSLSI02L55H294E','PLNBEA25D60F952A', 'True');
INSERT INTO cartellaclinicapermb(datainizio,datafine,id_medicobase,id_persona,vistomedicobase) VALUES ('2004-05-08', NULL,'CYLSWN76D60A952Y','DLBGGN98C42F704W', 'True');
INSERT INTO cartellaclinicapermb(datainizio,datafine,id_medicobase,id_persona,vistomedicobase) VALUES ('1970-07-01', NULL,'DHMLYN56P05L483U','CHPMRV39T43H018V', 'True');
INSERT INTO cartellaclinicapermb(datainizio,datafine,id_medicobase,id_persona,vistomedicobase) VALUES ('2005-10-22', NULL,'BRYLWN05P02F704C','SDGDSR11P26D643I', 'True');
INSERT INTO cartellaclinicapermb(datainizio,datafine,id_medicobase,id_persona,vistomedicobase) VALUES ('1956-09-01', NULL,'KNCDEI38M15D612H','SHCLNN49C50H199E', 'True');
INSERT INTO cartellaclinicapermb(datainizio,datafine,id_medicobase,id_persona,vistomedicobase) VALUES ('1938-10-14', NULL,'WTKSLN15A66L736V','CMNSRL85A45F158P', 'True');
INSERT INTO cartellaclinicapermb(datainizio,datafine,id_medicobase,id_persona,vistomedicobase) VALUES ('1942-12-05', NULL,'BRYLWN05P02F704C','CLLJNY48L53C573F', 'True');
INSERT INTO cartellaclinicapermb(datainizio,datafine,id_medicobase,id_persona,vistomedicobase) VALUES ('1993-03-01', NULL,'WNOSHN70B22I754B','TRSZLL64M42D612X', 'True');
INSERT INTO cartellaclinicapermb(datainizio,datafine,id_medicobase,id_persona,vistomedicobase) VALUES ('1929-06-03', NULL,'CYLSWN76D60A952Y','SHPPRN92S69H018S', 'True');
INSERT INTO cartellaclinicapermb(datainizio,datafine,id_medicobase,id_persona,vistomedicobase) VALUES ('1997-12-07', NULL,'CYLSWN76D60A952Y','VCKLND99S61A794B', 'True');
INSERT INTO cartellaclinicapermb(datainizio,datafine,id_medicobase,id_persona,vistomedicobase) VALUES ('2019-10-28', NULL,'WTKSLN15A66L736V','KNSKVN32H10E054D', 'True');
INSERT INTO cartellaclinicapermb(datainizio,datafine,id_medicobase,id_persona,vistomedicobase) VALUES ('1996-12-22', NULL,'CYLSWN76D60A952Y','LFRMYL51D65A952F', 'True');
INSERT INTO cartellaclinicapermb(datainizio,datafine,id_medicobase,id_persona,vistomedicobase) VALUES ('1921-08-25', NULL,'WTKSLN15A66L736V','CLCMLY49B67A271K', 'True');
INSERT INTO cartellaclinicapermb(datainizio,datafine,id_medicobase,id_persona,vistomedicobase) VALUES ('1997-12-04', NULL,'WTKSLN15A66L736V','BRGSRN46B57D612C', 'True');
INSERT INTO cartellaclinicapermb(datainizio,datafine,id_medicobase,id_persona,vistomedicobase) VALUES ('1930-07-19', NULL,'BRYLWN05P02F704C','FRRMLN99B67L049B', 'True');
INSERT INTO cartellaclinicapermb(datainizio,datafine,id_medicobase,id_persona,vistomedicobase) VALUES ('1983-10-26', NULL,'BRYLWN05P02F704C','BSQDPH23M50G224N', 'True');
INSERT INTO cartellaclinicapermb(datainizio,datafine,id_medicobase,id_persona,vistomedicobase) VALUES ('1968-06-23', NULL,'KNCDEI38M15D612H','JLNSRY27L57F205H', 'True');
INSERT INTO cartellaclinicapermb(datainizio,datafine,id_medicobase,id_persona,vistomedicobase) VALUES ('1936-12-31', NULL,'BRYLWN05P02F704C','DGGKCY43A63F158S', 'True');
INSERT INTO cartellaclinicapermb(datainizio,datafine,id_medicobase,id_persona,vistomedicobase) VALUES ('1985-10-10', NULL,'DHMLYN56P05L483U','CCOPHL05L62A952J', 'True');
INSERT INTO cartellaclinicapermb(datainizio,datafine,id_medicobase,id_persona,vistomedicobase) VALUES ('1977-09-19', NULL,'DHMLYN56P05L483U','SPKMNL56D43L049Q', 'True');
INSERT INTO cartellaclinicapermb(datainizio,datafine,id_medicobase,id_persona,vistomedicobase) VALUES ('1945-06-18', NULL,'WTKSLN15A66L736V','BLSNKL96E43F839O', 'True');
INSERT INTO cartellaclinicapermb(datainizio,datafine,id_medicobase,id_persona,vistomedicobase) VALUES ('1976-09-28', NULL,'WNOSHN70B22I754B','MRRJLY71L06I754A', 'True');
INSERT INTO cartellaclinicapermb(datainizio,datafine,id_medicobase,id_persona,vistomedicobase) VALUES ('1931-07-11', NULL,'CYLSWN76D60A952Y','GBBJYO33H27L049Q', 'True');
INSERT INTO cartellaclinicapermb(datainizio,datafine,id_medicobase,id_persona,vistomedicobase) VALUES ('2011-06-08', NULL,'BRYLWN05P02F704C','JWRNNC84E59H018Q', 'True');
INSERT INTO cartellaclinicapermb(datainizio,datafine,id_medicobase,id_persona,vistomedicobase) VALUES ('2003-10-21', NULL,'WNOSHN70B22I754B','BRMDLC18M57I452P', 'True');
INSERT INTO cartellaclinicapermb(datainizio,datafine,id_medicobase,id_persona,vistomedicobase) VALUES ('1962-12-05', NULL,'BRYLWN05P02F704C','MRNFND60C68C573B', 'True');
INSERT INTO cartellaclinicapermb(datainizio,datafine,id_medicobase,id_persona,vistomedicobase) VALUES ('2016-05-14', NULL,'WNOSHN70B22I754B','CGLGLN56M25L219Y', 'True');
INSERT INTO cartellaclinicapermb(datainizio,datafine,id_medicobase,id_persona,vistomedicobase) VALUES ('2014-06-22', NULL,'KNCDEI38M15D612H','WDLKZY17H42A271B', 'True');
INSERT INTO cartellaclinicapermb(datainizio,datafine,id_medicobase,id_persona,vistomedicobase) VALUES ('1928-07-29', NULL,'KNCDEI38M15D612H','PTNTSH44L51L736S', 'True');
INSERT INTO cartellaclinicapermb(datainizio,datafine,id_medicobase,id_persona,vistomedicobase) VALUES ('1927-01-14', NULL,'WNOSHN70B22I754B','KCHRBC71B47F205Y', 'True');
INSERT INTO cartellaclinicapermb(datainizio,datafine,id_medicobase,id_persona,vistomedicobase) VALUES ('1942-02-02', NULL,'MSSLSI02L55H294E','BLZVCN99H49L736J', 'True');
INSERT INTO cartellaclinicapermb(datainizio,datafine,id_medicobase,id_persona,vistomedicobase) VALUES ('1955-01-05', NULL,'WTKSLN15A66L736V','STNHNY15S53L219N', 'True');
INSERT INTO cartellaclinicapermb(datainizio,datafine,id_medicobase,id_persona,vistomedicobase) VALUES ('1981-05-17', NULL,'KNCDEI38M15D612H','RTZLRS07S19D643C', 'True');
INSERT INTO cartellaclinicapermb(datainizio,datafine,id_medicobase,id_persona,vistomedicobase) VALUES ('1923-03-14', NULL,'DHMLYN56P05L483U','RSNDDR13S04D643W', 'True');
INSERT INTO cartellaclinicapermb(datainizio,datafine,id_medicobase,id_persona,vistomedicobase) VALUES ('2009-02-16', NULL,'DHMLYN56P05L483U','LCNSNG82H16I452V', 'True');
INSERT INTO cartellaclinicapermb(datainizio,datafine,id_medicobase,id_persona,vistomedicobase) VALUES ('1921-02-07', NULL,'BRYLWN05P02F704C','LSUNCK20B20A952B', 'True');
INSERT INTO cartellaclinicapermb(datainizio,datafine,id_medicobase,id_persona,vistomedicobase) VALUES ('1991-09-09', NULL,'DHMLYN56P05L483U','CPNLRS70M05L736P', 'True');
INSERT INTO cartellaclinicapermb(datainizio,datafine,id_medicobase,id_persona,vistomedicobase) VALUES ('1987-12-22', NULL,'MSSLSI02L55H294E','HBRMDT70D04H018V', 'True');
INSERT INTO cartellaclinicapermb(datainizio,datafine,id_medicobase,id_persona,vistomedicobase) VALUES ('1995-04-29', NULL,'WTKSLN15A66L736V','MNSTNK42M26D548V', 'True');
INSERT INTO cartellaclinicapermb(datainizio,datafine,id_medicobase,id_persona,vistomedicobase) VALUES ('1991-07-28', NULL,'WNOSHN70B22I754B','MSSSRT29M66H294U', 'True');
INSERT INTO cartellaclinicapermb(datainizio,datafine,id_medicobase,id_persona,vistomedicobase) VALUES ('2016-07-25', NULL,'CYLSWN76D60A952Y','HMNNTR02A61H018B', 'True');
INSERT INTO cartellaclinicapermb(datainizio,datafine,id_medicobase,id_persona,vistomedicobase) VALUES ('1917-04-01', NULL,'WNOSHN70B22I754B','MNTLGU31R21A952K', 'True');
INSERT INTO cartellaclinicapermb(datainizio,datafine,id_medicobase,id_persona,vistomedicobase) VALUES ('1925-05-10', NULL,'WTKSLN15A66L736V','GSSYKK73C52A944U', 'True');
INSERT INTO cartellaclinicapermb(datainizio,datafine,id_medicobase,id_persona,vistomedicobase) VALUES ('1924-01-03', NULL,'WTKSLN15A66L736V','RKWLDR51S05B354G', 'True');
INSERT INTO cartellaclinicapermb(datainizio,datafine,id_medicobase,id_persona,vistomedicobase) VALUES ('1959-03-17', NULL,'WTKSLN15A66L736V','WTKSLN15A66L736V', 'True');
INSERT INTO cartellaclinicapermb(datainizio,datafine,id_medicobase,id_persona,vistomedicobase) VALUES ('1994-04-08', NULL,'CYLSWN76D60A952Y','SHTRBN15A26H018K', 'True');
INSERT INTO cartellaclinicapermb(datainizio,datafine,id_medicobase,id_persona,vistomedicobase) VALUES ('2017-07-19', NULL,'WNOSHN70B22I754B','GLDWNN53D24L736M', 'True');
INSERT INTO cartellaclinicapermb(datainizio,datafine,id_medicobase,id_persona,vistomedicobase) VALUES ('1991-08-13', NULL,'BRYLWN05P02F704C','LNDCMN39R47H018A', 'True');
INSERT INTO cartellaclinicapermb(datainizio,datafine,id_medicobase,id_persona,vistomedicobase) VALUES ('2017-04-19', NULL,'CYLSWN76D60A952Y','SNMTMK71T47A271Z', 'True');
INSERT INTO farmacia(piva, nome, email, password, salt) VALUES ('60194020667','Mozart Apotheke','MozartApotheke@gmail.com','912b06999b8e1a57127ceae52025ef8dcc833200061c11b55bcdfdadfe8d5e82','3936cea7462dbe361214b76d75e3cbbcb1a4aba155a81062b40efd00f38d0d48');
INSERT INTO farmacia(piva, nome, email, password, salt) VALUES ('38230919216','Farmacia Vezzosi','FarmaciaVezzosi@gmail.com','0d797e2f9e50faa1a16e8bd1fde8e613a61895861bbc66c931a434531f6f3b5a','fc7cc644794c874d5186a97926e80d7889166bdfd328e246e015d0883fbfa52b');
INSERT INTO farmacia(piva, nome, email, password, salt) VALUES ('51933743762','Farmacia Capocefalo','FarmaciaCapocefalo@gmail.com','1cf3204883143a011b6eacc2eb82e5a808144f069852eba77fa6c6dd28b9a440','29c3ea466e27987eceeefc8cc39f37d1f4d7b641b6c367bf12630ed2a41adfe4');
INSERT INTO farmacia(piva, nome, email, password, salt) VALUES ('25487280320','San Michele','SanMichele@gmail.com','6ad01723c057a462d601513944a6f97449927fafe58e5de375462039d34b3e0b','6c1d23a178d7875620c8fedf5548b35a4a1c0335b8ef89075840c91bdd736ed5');
INSERT INTO farmacia(piva, nome, email, password, salt) VALUES ('67910338844','Farmacia Medicatrix','FarmaciaMedicatrix@gmail.com','59cf5ef73dac24da0cda85bb883357cf38b9cc10337d6512951feeb54597b56c','86481b2d9e15937dad0e0505afd9466ac813281ce5f52e64f9d6f1457627a499');
INSERT INTO farmacia(piva, nome, email, password, salt) VALUES ('47055518381','Farmacia del Rosario','FarmaciadelRosario@gmail.com','1857f2d588664c17cef12f81e5f0f265fcda903ddf3fce5bc9bac79dae2da17c','474426d1bbff3f3265c4c3c092a3af58e0bf51cf9ccb5502731234fe9af68923');
INSERT INTO farmacia(piva, nome, email, password, salt) VALUES ('65101969187','Farmacia Portale','FarmaciaPortale@gmail.com','1d3239aa309c365d6c9be85f44e24959a1e4dbf60a9f3bea37931a619255fa06','7fefd6558ffcecddb0c66a495070d9efd595d0ac4a518562b8faefffae36402a');
INSERT INTO farmacia(piva, nome, email, password, salt) VALUES ('77862375013','Aquila Imperiale','AquilaImperiale@gmail.com','2c022b16945ae636e9faab1dbf563bd9c3c19eed66fb57f904a7ae12219f98bc','95fd9f3b3d56219ae8a42beef2da14482d00a80c27573ec0ff11ece8ab65a128');
INSERT INTO farmacia(piva, nome, email, password, salt) VALUES ('00020585276','Farmacia Orlacchio','FarmaciaOrlacchio@gmail.com','01b50bdef391ea6ab15ad08b504d910cebe2494f788f7aad62b9d5d8445b03b6','077ae87302b0dd829feeecdc74489b3193e1b7c755654326c666694d44ac048e');
INSERT INTO farmacia(piva, nome, email, password, salt) VALUES ('62289664790','Farmacia Lezz','FarmaciaLezz@gmail.com','bae689785620c80418e6562974a09b417646a908325f8e41163b9ead97d92653','9224b66f1bfa2cb77c53344a057f4242ebeb794d7bbc4fb8652c8bf103364c0f');
INSERT INTO erogaesssp(id_ssp,id_esame) VALUES (1,13);
INSERT INTO erogaesssp(id_ssp,id_esame) VALUES (2,27);
INSERT INTO erogaesssp(id_ssp,id_esame) VALUES (3,56);
INSERT INTO erogaesssp(id_ssp,id_esame) VALUES (4,3);
INSERT INTO erogaesssp(id_ssp,id_esame) VALUES (5,31);
INSERT INTO erogaesssp(id_ssp,id_esame) VALUES (6,44);
INSERT INTO erogaesssp(id_ssp,id_esame) VALUES (7,43);
INSERT INTO erogaesssp(id_ssp,id_esame) VALUES (8,22);
INSERT INTO erogaesssp(id_ssp,id_esame) VALUES (9,3);
INSERT INTO erogaesssp(id_ssp,id_esame) VALUES (10,5);
INSERT INTO erogaesssp(id_ssp,id_esame) VALUES (11,8);
INSERT INTO erogaesssp(id_ssp,id_esame) VALUES (12,40);
INSERT INTO erogaesssp(id_ssp,id_esame) VALUES (13,9);
INSERT INTO erogaesssp(id_ssp,id_esame) VALUES (14,43);
INSERT INTO erogaesssp(id_ssp,id_esame) VALUES (15,56);
INSERT INTO erogaesssp(id_ssp,id_esame) VALUES (16,48);
INSERT INTO erogaesssp(id_ssp,id_esame) VALUES (17,49);
INSERT INTO erogaesssp(id_ssp,id_esame) VALUES (18,32);
INSERT INTO erogaesssp(id_ssp,id_esame) VALUES (19,8);
INSERT INTO erogaesssp(id_ssp,id_esame) VALUES (20,19);
INSERT INTO erogaesssp(id_ssp,id_esame) VALUES (21,1);
INSERT INTO erogaesssp(id_ssp,id_esame) VALUES (22,56);
INSERT INTO erogaesssp(id_ssp,id_esame) VALUES (23,24);
INSERT INTO erogaesssp(id_ssp,id_esame) VALUES (24,51);
INSERT INTO erogaesssp(id_ssp,id_esame) VALUES (25,50);
INSERT INTO erogaesssp(id_ssp,id_esame) VALUES (26,38);
INSERT INTO erogaesssp(id_ssp,id_esame) VALUES (27,56);
INSERT INTO erogaesssp(id_ssp,id_esame) VALUES (28,9);
INSERT INTO erogaesssp(id_ssp,id_esame) VALUES (29,39);
INSERT INTO erogaesssp(id_ssp,id_esame) VALUES (30,23);
INSERT INTO erogaesssp(id_ssp,id_esame) VALUES (31,12);
INSERT INTO erogaesssp(id_ssp,id_esame) VALUES (32,23);
INSERT INTO erogaesssp(id_ssp,id_esame) VALUES (33,30);
INSERT INTO erogaesssp(id_ssp,id_esame) VALUES (34,6);
INSERT INTO erogaesssp(id_ssp,id_esame) VALUES (35,11);
INSERT INTO erogaesssp(id_ssp,id_esame) VALUES (36,20);
INSERT INTO erogaesssp(id_ssp,id_esame) VALUES (37,45);
INSERT INTO erogaesssp(id_ssp,id_esame) VALUES (38,22);
INSERT INTO erogaesssp(id_ssp,id_esame) VALUES (39,10);
INSERT INTO erogaesssp(id_ssp,id_esame) VALUES (40,35);
INSERT INTO erogaesssp(id_ssp,id_esame) VALUES (41,43);
INSERT INTO erogaesssp(id_ssp,id_esame) VALUES (42,33);
INSERT INTO erogaesssp(id_ssp,id_esame) VALUES (43,53);
INSERT INTO erogaesssp(id_ssp,id_esame) VALUES (44,15);
INSERT INTO erogaesssp(id_ssp,id_esame) VALUES (45,56);
INSERT INTO erogaesssp(id_ssp,id_esame) VALUES (46,4);
INSERT INTO erogaesssp(id_ssp,id_esame) VALUES (47,24);
INSERT INTO erogaesssp(id_ssp,id_esame) VALUES (48,40);
INSERT INTO erogaesssp(id_ssp,id_esame) VALUES (49,45);
INSERT INTO erogaesssp(id_ssp,id_esame) VALUES (50,54);
INSERT INTO erogaesssp(id_ssp,id_esame) VALUES (51,12);
INSERT INTO erogaesssp(id_ssp,id_esame) VALUES (52,35);
INSERT INTO erogaesssp(id_ssp,id_esame) VALUES (53,10);
INSERT INTO erogaesssp(id_ssp,id_esame) VALUES (54,53);
INSERT INTO erogaesssp(id_ssp,id_esame) VALUES (55,41);
INSERT INTO erogaesssp(id_ssp,id_esame) VALUES (56,54);
INSERT INTO erogaesssp(id_ssp,id_esame) VALUES (57,1);
INSERT INTO erogaesssp(id_ssp,id_esame) VALUES (58,25);
INSERT INTO erogaesssp(id_ssp,id_esame) VALUES (59,31);
INSERT INTO erogaesssp(id_ssp,id_esame) VALUES (60,39);
INSERT INTO erogaesssp(id_ssp,id_esame) VALUES (61,55);
INSERT INTO erogaesssp(id_ssp,id_esame) VALUES (62,16);
INSERT INTO erogaesssp(id_ssp,id_esame) VALUES (63,38);
INSERT INTO erogaesssp(id_ssp,id_esame) VALUES (64,37);
INSERT INTO erogaesssp(id_ssp,id_esame) VALUES (65,35);
INSERT INTO erogaesssp(id_ssp,id_esame) VALUES (66,26);
INSERT INTO erogaesssp(id_ssp,id_esame) VALUES (67,25);
INSERT INTO erogaesssp(id_ssp,id_esame) VALUES (68,31);
INSERT INTO erogaesssp(id_ssp,id_esame) VALUES (69,2);
INSERT INTO erogaesssp(id_ssp,id_esame) VALUES (70,46);
INSERT INTO erogaesssp(id_ssp,id_esame) VALUES (71,25);
INSERT INTO erogaesssp(id_ssp,id_esame) VALUES (72,47);
INSERT INTO erogaesssp(id_ssp,id_esame) VALUES (73,1);
INSERT INTO erogaesssp(id_ssp,id_esame) VALUES (74,2);
INSERT INTO erogaesssp(id_ssp,id_esame) VALUES (75,9);
INSERT INTO erogaesssp(id_ssp,id_esame) VALUES (76,28);
INSERT INTO erogaesssp(id_ssp,id_esame) VALUES (77,11);
INSERT INTO erogaesssp(id_ssp,id_esame) VALUES (78,57);
INSERT INTO erogaesssp(id_ssp,id_esame) VALUES (79,28);
INSERT INTO erogaesssp(id_ssp,id_esame) VALUES (80,33);
INSERT INTO erogaesssp(id_ssp,id_esame) VALUES (81,23);
INSERT INTO erogaesssp(id_ssp,id_esame) VALUES (82,43);
INSERT INTO erogaesssp(id_ssp,id_esame) VALUES (83,55);
INSERT INTO erogaesssp(id_ssp,id_esame) VALUES (84,37);
INSERT INTO erogaesssp(id_ssp,id_esame) VALUES (85,48);
INSERT INTO erogaesssp(id_ssp,id_esame) VALUES (86,32);
INSERT INTO erogaesssp(id_ssp,id_esame) VALUES (87,34);
INSERT INTO erogaesssp(id_ssp,id_esame) VALUES (88,36);
INSERT INTO erogaesssp(id_ssp,id_esame) VALUES (89,8);
INSERT INTO erogaesssp(id_ssp,id_esame) VALUES (90,17);
INSERT INTO erogaesssp(id_ssp,id_esame) VALUES (91,47);
INSERT INTO erogaesssp(id_ssp,id_esame) VALUES (92,39);
INSERT INTO erogaesssp(id_ssp,id_esame) VALUES (93,32);
INSERT INTO erogaesssp(id_ssp,id_esame) VALUES (94,36);
INSERT INTO erogaesssp(id_ssp,id_esame) VALUES (95,50);
INSERT INTO erogaesssp(id_ssp,id_esame) VALUES (96,45);
INSERT INTO erogaesssp(id_ssp,id_esame) VALUES (97,46);
INSERT INTO erogaesssp(id_ssp,id_esame) VALUES (98,4);
INSERT INTO erogaesssp(id_ssp,id_esame) VALUES (99,53);
INSERT INTO erogaesssp(id_ssp,id_esame) VALUES (100,51);
INSERT INTO erogaesssp(id_ssp,id_esame) VALUES (101,47);
INSERT INTO erogaesssp(id_ssp,id_esame) VALUES (102,7);
INSERT INTO erogaesssp(id_ssp,id_esame) VALUES (103,50);
INSERT INTO erogaesssp(id_ssp,id_esame) VALUES (104,38);
INSERT INTO erogaesssp(id_ssp,id_esame) VALUES (105,14);
INSERT INTO erogaesssp(id_ssp,id_esame) VALUES (106,4);
INSERT INTO erogaesssp(id_ssp,id_esame) VALUES (107,59);
INSERT INTO erogaesssp(id_ssp,id_esame) VALUES (108,6);
INSERT INTO erogaesssp(id_ssp,id_esame) VALUES (109,47);
INSERT INTO erogaesssp(id_ssp,id_esame) VALUES (110,27);
